sensor_id,temperature,timestamp,event_time,prev_temp,temp_change,moving_avg_temp,max_recent_temp,min_recent_temp
SENSOR_1,93.21,2026-05-04T17:56:43.704Z,2026-05-04T17:56:43.704Z,,,93.21,93.21,93.21
SENSOR_1,94.92,2026-05-04T17:58:43.704Z,2026-05-04T17:58:43.704Z,93.21,1.710000000000008,94.065,94.92,93.21
SENSOR_1,99.09,2026-05-04T18:03:43.704Z,2026-05-04T18:03:43.704Z,94.92,4.170000000000002,95.74000000000001,99.09,93.21
SENSOR_1,41.9,2026-05-04T18:04:43.704Z,2026-05-04T18:04:43.704Z,99.09,-57.190000000000005,78.63666666666667,99.09,41.9
SENSOR_1,86.2,2026-05-04T18:07:43.704Z,2026-05-04T18:07:43.704Z,41.9,44.300000000000004,75.73,99.09,41.9
SENSOR_1,90.81,2026-05-04T18:10:43.704Z,2026-05-04T18:10:43.704Z,86.2,4.609999999999999,72.97,90.81,41.9
SENSOR_1,78.62,2026-05-04T18:13:43.704Z,2026-05-04T18:13:43.704Z,90.81,-12.189999999999998,85.21,90.81,78.62
SENSOR_1,22.99,2026-05-04T18:18:43.704Z,2026-05-04T18:18:43.704Z,78.62,-55.63000000000001,64.14,90.81,22.99
SENSOR_1,48.03,2026-05-04T18:24:13.704Z,2026-05-04T18:24:13.704Z,22.99,25.040000000000003,49.879999999999995,78.62,22.99
SENSOR_1,32.95,2026-05-04T18:24:43.704Z,2026-05-04T18:24:43.704Z,48.03,-15.079999999999998,34.656666666666666,48.03,22.99
SENSOR_1,91.05,2026-05-04T18:26:43.704Z,2026-05-04T18:26:43.704Z,32.95,58.099999999999994,57.343333333333334,91.05,32.95
SENSOR_1,91.61,2026-05-04T18:28:13.704Z,2026-05-04T18:28:13.704Z,91.05,0.5600000000000023,71.87,91.61,32.95
SENSOR_1,30.97,2026-05-04T18:31:43.704Z,2026-05-04T18:31:43.704Z,91.61,-60.64,71.21,91.61,30.97
SENSOR_1,39.77,2026-05-04T18:37:13.704Z,2026-05-04T18:37:13.704Z,30.97,8.800000000000004,54.11666666666667,91.61,30.97
SENSOR_1,90.1,2026-05-04T18:38:43.704Z,2026-05-04T18:38:43.704Z,39.77,50.32999999999999,53.61333333333334,90.1,30.97
SENSOR_1,68.31,2026-05-04T18:43:13.704Z,2026-05-04T18:43:13.704Z,90.1,-21.789999999999992,66.06,90.1,39.77
SENSOR_1,83.95,2026-05-04T18:47:43.704Z,2026-05-04T18:47:43.704Z,68.31,15.64,80.78666666666668,90.1,68.31
SENSOR_1,36.29,2026-05-04T18:51:13.704Z,2026-05-04T18:51:13.704Z,83.95,-47.660000000000004,62.849999999999994,83.95,36.29
SENSOR_1,89.47,2026-05-04T18:56:13.704Z,2026-05-04T18:56:13.704Z,36.29,53.18,69.90333333333334,89.47,36.29
SENSOR_1,93.63,2026-05-04T18:57:13.704Z,2026-05-04T18:57:13.704Z,89.47,4.159999999999997,73.13,93.63,36.29
SENSOR_1,49.79,2026-05-04T19:08:13.704Z,2026-05-04T19:08:13.704Z,93.63,-43.839999999999996,77.63,93.63,49.79
SENSOR_1,31.98,2026-05-04T19:08:43.704Z,2026-05-04T19:08:43.704Z,49.79,-17.81,58.46666666666666,93.63,31.98
SENSOR_1,71.72,2026-05-04T19:11:13.704Z,2026-05-04T19:11:13.704Z,31.98,39.739999999999995,51.163333333333334,71.72,31.98
SENSOR_1,91.23,2026-05-04T19:11:43.704Z,2026-05-04T19:11:43.704Z,71.72,19.510000000000005,64.97666666666667,91.23,31.98
SENSOR_1,43.66,2026-05-04T19:19:43.704Z,2026-05-04T19:19:43.704Z,91.23,-47.57000000000001,68.86999999999999,91.23,43.66
SENSOR_1,30.78,2026-05-04T19:29:13.704Z,2026-05-04T19:29:13.704Z,43.66,-12.879999999999995,55.22333333333333,91.23,30.78
SENSOR_1,54.25,2026-05-04T19:33:13.704Z,2026-05-04T19:33:13.704Z,30.78,23.47,42.89666666666667,54.25,30.78
SENSOR_1,30.22,2026-05-04T19:42:13.704Z,2026-05-04T19:42:13.704Z,54.25,-24.03,38.416666666666664,54.25,30.22
SENSOR_1,82.17,2026-05-04T19:43:43.704Z,2026-05-04T19:43:43.704Z,30.22,51.95,55.54666666666666,82.17,30.22
SENSOR_1,93.4,2026-05-04T19:50:13.704Z,2026-05-04T19:50:13.704Z,82.17,11.230000000000004,68.59666666666668,93.4,30.22
SENSOR_1,41.39,2026-05-04T19:53:43.704Z,2026-05-04T19:53:43.704Z,93.4,-52.010000000000005,72.32,93.4,41.39
SENSOR_1,77.3,2026-05-04T19:59:13.704Z,2026-05-04T19:59:13.704Z,41.39,35.91,70.69666666666667,93.4,41.39
SENSOR_1,86.09,2026-05-04T20:02:43.704Z,2026-05-04T20:02:43.704Z,77.3,8.790000000000006,68.26,86.09,41.39
SENSOR_1,75.87,2026-05-04T20:04:43.704Z,2026-05-04T20:04:43.704Z,86.09,-10.219999999999999,79.75333333333333,86.09,75.87
SENSOR_1,36.26,2026-05-04T20:05:13.704Z,2026-05-04T20:05:13.704Z,75.87,-39.61000000000001,66.07333333333334,86.09,36.26
SENSOR_1,65.13,2026-05-04T20:06:43.704Z,2026-05-04T20:06:43.704Z,36.26,28.869999999999997,59.086666666666666,75.87,36.26
SENSOR_1,72.3,2026-05-04T20:07:43.704Z,2026-05-04T20:07:43.704Z,65.13,7.170000000000002,57.89666666666667,72.3,36.26
SENSOR_1,55.73,2026-05-04T20:23:13.704Z,2026-05-04T20:23:13.704Z,72.3,-16.57,64.38666666666667,72.3,55.73
SENSOR_1,97.11,2026-05-04T20:29:13.704Z,2026-05-04T20:29:13.704Z,55.73,41.38,75.04666666666667,97.11,55.73
SENSOR_1,39.07,2026-05-04T20:35:43.704Z,2026-05-04T20:35:43.704Z,97.11,-58.04,63.97,97.11,39.07
SENSOR_1,82.69,2026-05-04T20:38:43.704Z,2026-05-04T20:38:43.704Z,39.07,43.62,72.95666666666666,97.11,39.07
SENSOR_1,82.71,2026-05-04T20:42:43.704Z,2026-05-04T20:42:43.704Z,82.69,0.01999999999999602,68.15666666666665,82.71,39.07
SENSOR_1,55.66,2026-05-04T20:45:13.704Z,2026-05-04T20:45:13.704Z,82.71,-27.049999999999997,73.68666666666665,82.71,55.66
SENSOR_1,71.79,2026-05-04T20:49:43.704Z,2026-05-04T20:49:43.704Z,55.66,16.13000000000001,70.05333333333334,82.71,55.66
SENSOR_1,75.56,2026-05-04T20:50:13.704Z,2026-05-04T20:50:13.704Z,71.79,3.769999999999996,67.67,75.56,55.66
SENSOR_1,96.36,2026-05-04T20:51:13.704Z,2026-05-04T20:51:13.704Z,75.56,20.799999999999997,81.23666666666668,96.36,71.79
SENSOR_1,73.68,2026-05-04T21:00:13.704Z,2026-05-04T21:00:13.704Z,96.36,-22.679999999999993,81.86666666666667,96.36,73.68
SENSOR_1,59.3,2026-05-04T21:01:13.704Z,2026-05-04T21:01:13.704Z,73.68,-14.38000000000001,76.44666666666667,96.36,59.3
SENSOR_1,59.92,2026-05-04T21:06:13.704Z,2026-05-04T21:06:13.704Z,59.3,0.6200000000000045,64.30000000000001,73.68,59.3
SENSOR_1,23.73,2026-05-04T21:09:43.704Z,2026-05-04T21:09:43.704Z,59.92,-36.19,47.65,59.92,23.73
SENSOR_1,42.72,2026-05-04T21:14:43.704Z,2026-05-04T21:14:43.704Z,23.73,18.99,42.123333333333335,59.92,23.73
SENSOR_1,35.35,2026-05-04T21:29:43.704Z,2026-05-04T21:29:43.704Z,42.72,-7.369999999999997,33.93333333333334,42.72,23.73
SENSOR_1,78.08,2026-05-04T21:31:43.704Z,2026-05-04T21:31:43.704Z,35.35,42.73,52.04999999999999,78.08,35.35
SENSOR_1,91.54,2026-05-04T21:32:43.704Z,2026-05-04T21:32:43.704Z,78.08,13.460000000000008,68.32333333333334,91.54,35.35
SENSOR_1,67.52,2026-05-04T21:34:43.704Z,2026-05-04T21:34:43.704Z,91.54,-24.02000000000001,79.04666666666667,91.54,67.52
SENSOR_1,77.88,2026-05-04T21:36:13.704Z,2026-05-04T21:36:13.704Z,67.52,10.36,78.98,91.54,67.52
SENSOR_1,32.56,2026-05-04T21:37:13.704Z,2026-05-04T21:37:13.704Z,77.88,-45.31999999999999,59.31999999999999,77.88,32.56
SENSOR_1,76.92,2026-05-04T21:48:13.704Z,2026-05-04T21:48:13.704Z,32.56,44.36,62.45333333333334,77.88,32.56
SENSOR_1,22.78,2026-05-04T21:58:43.704Z,2026-05-04T21:58:43.704Z,76.92,-54.14,44.086666666666666,76.92,22.78
SENSOR_1,21.9,2026-05-04T22:07:13.704Z,2026-05-04T22:07:13.704Z,22.78,-0.8800000000000026,40.53333333333333,76.92,21.9
SENSOR_1,41.53,2026-05-04T22:19:43.704Z,2026-05-04T22:19:43.704Z,21.9,19.630000000000003,28.736666666666668,41.53,21.9
SENSOR_1,88.75,2026-05-04T22:22:43.704Z,2026-05-04T22:22:43.704Z,41.53,47.22,50.72666666666667,88.75,21.9
SENSOR_1,87.08,2026-05-04T22:27:43.704Z,2026-05-04T22:27:43.704Z,88.75,-1.6700000000000017,72.45333333333333,88.75,41.53
SENSOR_1,82.1,2026-05-04T22:28:13.704Z,2026-05-04T22:28:13.704Z,87.08,-4.980000000000004,85.97666666666665,88.75,82.1
SENSOR_1,31.56,2026-05-04T22:29:13.704Z,2026-05-04T22:29:13.704Z,82.1,-50.53999999999999,66.91333333333334,87.08,31.56
SENSOR_1,56.15,2026-05-04T22:43:13.704Z,2026-05-04T22:43:13.704Z,31.56,24.59,56.60333333333333,82.1,31.56
SENSOR_1,73.13,2026-05-04T22:51:13.704Z,2026-05-04T22:51:13.704Z,56.15,16.979999999999997,53.61333333333332,73.13,31.56
SENSOR_1,58.61,2026-05-04T22:58:13.704Z,2026-05-04T22:58:13.704Z,73.13,-14.519999999999996,62.629999999999995,73.13,56.15
SENSOR_1,32.39,2026-05-04T23:04:13.704Z,2026-05-04T23:04:13.704Z,58.61,-26.22,54.71,73.13,32.39
SENSOR_1,76.41,2026-05-04T23:07:43.704Z,2026-05-04T23:07:43.704Z,32.39,44.019999999999996,55.803333333333335,76.41,32.39
SENSOR_1,85.7,2026-05-04T23:13:43.704Z,2026-05-04T23:13:43.704Z,76.41,9.290000000000006,64.83333333333333,85.7,32.39
SENSOR_1,68.91,2026-05-04T23:19:43.704Z,2026-05-04T23:19:43.704Z,85.7,-16.790000000000006,77.00666666666667,85.7,68.91
SENSOR_1,90.43,2026-05-04T23:32:13.704Z,2026-05-04T23:32:13.704Z,68.91,21.52000000000001,81.68,90.43,68.91
SENSOR_1,66.6,2026-05-04T23:45:43.704Z,2026-05-04T23:45:43.704Z,90.43,-23.830000000000013,75.31333333333333,90.43,66.6
SENSOR_1,68.65,2026-05-04T23:54:13.704Z,2026-05-04T23:54:13.704Z,66.6,2.0500000000000114,75.22666666666667,90.43,66.6
SENSOR_1,28.22,2026-05-04T23:55:13.704Z,2026-05-04T23:55:13.704Z,68.65,-40.43000000000001,54.49,68.65,28.22
SENSOR_1,93.13,2026-05-04T23:55:43.704Z,2026-05-04T23:55:43.704Z,28.22,64.91,63.333333333333336,93.13,28.22
SENSOR_1,44.52,2026-05-05T00:04:13.704Z,2026-05-05T00:04:13.704Z,93.13,-48.60999999999999,55.29,93.13,28.22
SENSOR_1,60.68,2026-05-05T00:06:43.704Z,2026-05-05T00:06:43.704Z,44.52,16.159999999999997,66.11,93.13,44.52
SENSOR_1,39.7,2026-05-05T00:09:43.704Z,2026-05-05T00:09:43.704Z,60.68,-20.979999999999997,48.300000000000004,60.68,39.7
SENSOR_1,69.0,2026-05-05T00:13:43.704Z,2026-05-05T00:13:43.704Z,39.7,29.299999999999997,56.46,69.0,39.7
SENSOR_1,45.1,2026-05-05T00:17:13.704Z,2026-05-05T00:17:13.704Z,69.0,-23.9,51.26666666666667,69.0,39.7
SENSOR_1,25.05,2026-05-05T00:18:43.704Z,2026-05-05T00:18:43.704Z,45.1,-20.05,46.38333333333333,69.0,25.05
SENSOR_1,89.92,2026-05-05T00:22:13.704Z,2026-05-05T00:22:13.704Z,25.05,64.87,53.35666666666666,89.92,25.05
SENSOR_1,38.37,2026-05-05T00:27:13.704Z,2026-05-05T00:27:13.704Z,89.92,-51.550000000000004,51.11333333333334,89.92,25.05
SENSOR_1,25.8,2026-05-05T00:33:43.704Z,2026-05-05T00:33:43.704Z,38.37,-12.569999999999997,51.36333333333334,89.92,25.8
SENSOR_1,90.56,2026-05-05T00:37:13.704Z,2026-05-05T00:37:13.704Z,25.8,64.76,51.576666666666675,90.56,25.8
SENSOR_1,21.56,2026-05-05T00:43:13.704Z,2026-05-05T00:43:13.704Z,90.56,-69.0,45.97333333333333,90.56,21.56
SENSOR_1,56.68,2026-05-05T00:47:13.704Z,2026-05-05T00:47:13.704Z,21.56,35.120000000000005,56.26666666666667,90.56,21.56
SENSOR_1,37.99,2026-05-05T00:57:43.704Z,2026-05-05T00:57:43.704Z,56.68,-18.689999999999998,38.74333333333333,56.68,21.56
SENSOR_1,38.77,2026-05-05T01:01:43.704Z,2026-05-05T01:01:43.704Z,37.99,0.7800000000000011,44.48,56.68,37.99
SENSOR_1,48.84,2026-05-05T01:07:13.704Z,2026-05-05T01:07:13.704Z,38.77,10.07,41.86666666666667,48.84,37.99
SENSOR_1,37.93,2026-05-05T01:10:43.704Z,2026-05-05T01:10:43.704Z,48.84,-10.910000000000004,41.84666666666667,48.84,37.93
SENSOR_1,63.37,2026-05-05T01:15:13.704Z,2026-05-05T01:15:13.704Z,37.93,25.439999999999998,50.046666666666674,63.37,37.93
SENSOR_1,55.66,2026-05-05T01:17:13.704Z,2026-05-05T01:17:13.704Z,63.37,-7.710000000000001,52.31999999999999,63.37,37.93
SENSOR_1,89.36,2026-05-05T01:23:43.704Z,2026-05-05T01:23:43.704Z,55.66,33.7,69.46333333333332,89.36,55.66
SENSOR_1,70.04,2026-05-05T01:27:13.704Z,2026-05-05T01:27:13.704Z,89.36,-19.319999999999993,71.68666666666667,89.36,55.66
SENSOR_1,67.43,2026-05-05T01:29:43.704Z,2026-05-05T01:29:43.704Z,70.04,-2.6099999999999994,75.61,89.36,67.43
SENSOR_1,56.59,2026-05-05T01:31:13.704Z,2026-05-05T01:31:13.704Z,67.43,-10.840000000000003,64.68666666666668,70.04,56.59
SENSOR_1,72.1,2026-05-05T01:31:43.704Z,2026-05-05T01:31:43.704Z,56.59,15.509999999999991,65.37333333333333,72.1,56.59
SENSOR_1,47.06,2026-05-05T01:36:13.704Z,2026-05-05T01:36:13.704Z,72.1,-25.039999999999992,58.583333333333336,72.1,47.06
SENSOR_1,51.53,2026-05-05T01:39:43.704Z,2026-05-05T01:39:43.704Z,47.06,4.469999999999999,56.89666666666667,72.1,47.06
SENSOR_1,25.94,2026-05-05T01:41:43.704Z,2026-05-05T01:41:43.704Z,51.53,-25.59,41.51,51.53,25.94
SENSOR_1,61.99,2026-05-05T01:54:43.704Z,2026-05-05T01:54:43.704Z,25.94,36.05,46.48666666666667,61.99,25.94
SENSOR_1,70.98,2026-05-05T01:55:43.704Z,2026-05-05T01:55:43.704Z,61.99,8.990000000000002,52.970000000000006,70.98,25.94
SENSOR_1,67.38,2026-05-05T01:56:43.704Z,2026-05-05T01:56:43.704Z,70.98,-3.6000000000000085,66.78333333333333,70.98,61.99
SENSOR_1,57.08,2026-05-05T02:01:13.704Z,2026-05-05T02:01:13.704Z,67.38,-10.299999999999997,65.14666666666666,70.98,57.08
SENSOR_1,39.06,2026-05-05T02:06:43.704Z,2026-05-05T02:06:43.704Z,57.08,-18.019999999999996,54.50666666666666,67.38,39.06
SENSOR_1,75.16,2026-05-05T02:07:13.704Z,2026-05-05T02:07:13.704Z,39.06,36.099999999999994,57.1,75.16,39.06
SENSOR_1,35.86,2026-05-05T02:09:13.704Z,2026-05-05T02:09:13.704Z,75.16,-39.3,50.026666666666664,75.16,35.86
SENSOR_10,96.36,2026-05-04T17:52:43.704Z,2026-05-04T17:52:43.704Z,,,96.36,96.36,96.36
SENSOR_10,42.49,2026-05-04T17:59:13.704Z,2026-05-04T17:59:13.704Z,96.36,-53.87,69.425,96.36,42.49
SENSOR_10,59.88,2026-05-04T17:59:43.704Z,2026-05-04T17:59:43.704Z,42.49,17.39,66.24333333333333,96.36,42.49
SENSOR_10,82.11,2026-05-04T18:08:13.704Z,2026-05-04T18:08:13.704Z,59.88,22.229999999999997,61.49333333333334,82.11,42.49
SENSOR_10,54.09,2026-05-04T18:19:13.704Z,2026-05-04T18:19:13.704Z,82.11,-28.019999999999996,65.36,82.11,54.09
SENSOR_10,72.61,2026-05-04T18:20:43.704Z,2026-05-04T18:20:43.704Z,54.09,18.519999999999996,69.60333333333334,82.11,54.09
SENSOR_10,36.21,2026-05-04T18:25:43.704Z,2026-05-04T18:25:43.704Z,72.61,-36.4,54.303333333333335,72.61,36.21
SENSOR_10,48.01,2026-05-04T18:35:43.704Z,2026-05-04T18:35:43.704Z,36.21,11.799999999999997,52.276666666666664,72.61,36.21
SENSOR_10,65.32,2026-05-04T18:39:43.704Z,2026-05-04T18:39:43.704Z,48.01,17.309999999999995,49.846666666666664,65.32,36.21
SENSOR_10,63.26,2026-05-04T18:40:13.704Z,2026-05-04T18:40:13.704Z,65.32,-2.059999999999995,58.86333333333332,65.32,48.01
SENSOR_10,65.34,2026-05-04T18:40:43.704Z,2026-05-04T18:40:43.704Z,63.26,2.0800000000000054,64.64,65.34,63.26
SENSOR_10,27.12,2026-05-04T18:47:13.704Z,2026-05-04T18:47:13.704Z,65.34,-38.22,51.906666666666666,65.34,27.12
SENSOR_10,72.89,2026-05-04T18:49:43.704Z,2026-05-04T18:49:43.704Z,27.12,45.769999999999996,55.116666666666674,72.89,27.12
SENSOR_10,38.75,2026-05-04T18:50:13.704Z,2026-05-04T18:50:13.704Z,72.89,-34.14,46.25333333333333,72.89,27.12
SENSOR_10,68.52,2026-05-04T18:57:43.704Z,2026-05-04T18:57:43.704Z,38.75,29.769999999999996,60.053333333333335,72.89,38.75
SENSOR_10,69.8,2026-05-04T19:00:13.704Z,2026-05-04T19:00:13.704Z,68.52,1.2800000000000011,59.02333333333333,69.8,38.75
SENSOR_10,50.12,2026-05-04T19:01:43.704Z,2026-05-04T19:01:43.704Z,69.8,-19.68,62.81333333333333,69.8,50.12
SENSOR_10,74.92,2026-05-04T19:07:43.704Z,2026-05-04T19:07:43.704Z,50.12,24.800000000000004,64.94666666666666,74.92,50.12
SENSOR_10,78.99,2026-05-04T19:10:13.704Z,2026-05-04T19:10:13.704Z,74.92,4.069999999999993,68.00999999999999,78.99,50.12
SENSOR_10,94.81,2026-05-04T19:15:13.704Z,2026-05-04T19:15:13.704Z,78.99,15.820000000000007,82.90666666666667,94.81,74.92
SENSOR_10,45.96,2026-05-04T19:16:13.704Z,2026-05-04T19:16:13.704Z,94.81,-48.85,73.25333333333334,94.81,45.96
SENSOR_10,23.17,2026-05-04T19:18:43.704Z,2026-05-04T19:18:43.704Z,45.96,-22.79,54.64666666666667,94.81,23.17
SENSOR_10,57.46,2026-05-04T19:21:43.704Z,2026-05-04T19:21:43.704Z,23.17,34.29,42.196666666666665,57.46,23.17
SENSOR_10,29.64,2026-05-04T19:23:13.704Z,2026-05-04T19:23:13.704Z,57.46,-27.82,36.75666666666667,57.46,23.17
SENSOR_10,26.41,2026-05-04T19:24:43.704Z,2026-05-04T19:24:43.704Z,29.64,-3.2300000000000004,37.836666666666666,57.46,26.41
SENSOR_10,73.78,2026-05-04T19:25:13.704Z,2026-05-04T19:25:13.704Z,26.41,47.370000000000005,43.276666666666664,73.78,26.41
SENSOR_10,91.59,2026-05-04T19:25:43.704Z,2026-05-04T19:25:43.704Z,73.78,17.810000000000002,63.92666666666667,91.59,26.41
SENSOR_10,56.76,2026-05-04T19:29:43.704Z,2026-05-04T19:29:43.704Z,91.59,-34.830000000000005,74.04333333333334,91.59,56.76
SENSOR_10,65.94,2026-05-04T19:36:13.704Z,2026-05-04T19:36:13.704Z,56.76,9.18,71.42999999999999,91.59,56.76
SENSOR_10,81.21,2026-05-04T19:41:43.704Z,2026-05-04T19:41:43.704Z,65.94,15.269999999999996,67.96999999999998,81.21,56.76
SENSOR_10,41.4,2026-05-04T19:48:13.704Z,2026-05-04T19:48:13.704Z,81.21,-39.809999999999995,62.849999999999994,81.21,41.4
SENSOR_10,78.39,2026-05-04T19:55:43.704Z,2026-05-04T19:55:43.704Z,41.4,36.99,67.0,81.21,41.4
SENSOR_10,92.96,2026-05-04T19:56:13.704Z,2026-05-04T19:56:13.704Z,78.39,14.569999999999993,70.91666666666667,92.96,41.4
SENSOR_10,60.17,2026-05-04T19:58:13.704Z,2026-05-04T19:58:13.704Z,92.96,-32.78999999999999,77.17333333333333,92.96,60.17
SENSOR_10,78.32,2026-05-04T20:03:13.704Z,2026-05-04T20:03:13.704Z,60.17,18.14999999999999,77.14999999999999,92.96,60.17
SENSOR_10,26.7,2026-05-04T20:09:43.704Z,2026-05-04T20:09:43.704Z,78.32,-51.61999999999999,55.06333333333333,78.32,26.7
SENSOR_10,33.13,2026-05-04T20:17:43.704Z,2026-05-04T20:17:43.704Z,26.7,6.430000000000003,46.050000000000004,78.32,26.7
SENSOR_10,43.3,2026-05-04T20:19:43.704Z,2026-05-04T20:19:43.704Z,33.13,10.169999999999995,34.376666666666665,43.3,26.7
SENSOR_10,26.51,2026-05-04T20:21:13.704Z,2026-05-04T20:21:13.704Z,43.3,-16.789999999999996,34.31333333333334,43.3,26.51
SENSOR_10,95.26,2026-05-04T20:23:43.704Z,2026-05-04T20:23:43.704Z,26.51,68.75,55.02333333333333,95.26,26.51
SENSOR_10,99.46,2026-05-04T20:32:43.704Z,2026-05-04T20:32:43.704Z,95.26,4.199999999999989,73.74333333333334,99.46,26.51
SENSOR_10,57.01,2026-05-04T20:36:43.704Z,2026-05-04T20:36:43.704Z,99.46,-42.449999999999996,83.91,99.46,57.01
SENSOR_10,44.88,2026-05-04T20:45:43.704Z,2026-05-04T20:45:43.704Z,57.01,-12.129999999999995,67.11666666666666,99.46,44.88
SENSOR_10,46.0,2026-05-04T20:47:43.704Z,2026-05-04T20:47:43.704Z,44.88,1.1199999999999974,49.29666666666666,57.01,44.88
SENSOR_10,41.56,2026-05-04T20:52:13.704Z,2026-05-04T20:52:13.704Z,46.0,-4.439999999999998,44.14666666666667,46.0,41.56
SENSOR_10,29.73,2026-05-04T20:53:13.704Z,2026-05-04T20:53:13.704Z,41.56,-11.830000000000002,39.09666666666667,46.0,29.73
SENSOR_10,97.76,2026-05-04T20:56:43.704Z,2026-05-04T20:56:43.704Z,29.73,68.03,56.35,97.76,29.73
SENSOR_10,24.13,2026-05-04T21:07:13.704Z,2026-05-04T21:07:13.704Z,97.76,-73.63000000000001,50.54,97.76,24.13
SENSOR_10,29.51,2026-05-04T21:08:43.704Z,2026-05-04T21:08:43.704Z,24.13,5.380000000000003,50.46666666666667,97.76,24.13
SENSOR_10,75.82,2026-05-04T21:18:43.704Z,2026-05-04T21:18:43.704Z,29.51,46.30999999999999,43.15333333333333,75.82,24.13
SENSOR_10,45.03,2026-05-04T21:39:43.704Z,2026-05-04T21:39:43.704Z,75.82,-30.789999999999992,50.120000000000005,75.82,29.51
SENSOR_10,29.64,2026-05-04T21:41:43.704Z,2026-05-04T21:41:43.704Z,45.03,-15.39,50.163333333333334,75.82,29.64
SENSOR_10,95.5,2026-05-04T21:45:43.704Z,2026-05-04T21:45:43.704Z,29.64,65.86,56.723333333333336,95.5,29.64
SENSOR_10,40.28,2026-05-04T21:49:43.704Z,2026-05-04T21:49:43.704Z,95.5,-55.22,55.14000000000001,95.5,29.64
SENSOR_10,80.21,2026-05-04T21:50:13.704Z,2026-05-04T21:50:13.704Z,40.28,39.92999999999999,71.99666666666667,95.5,40.28
SENSOR_10,88.2,2026-05-04T21:55:13.704Z,2026-05-04T21:55:13.704Z,80.21,7.990000000000009,69.56333333333333,88.2,40.28
SENSOR_10,81.76,2026-05-04T22:06:43.704Z,2026-05-04T22:06:43.704Z,88.2,-6.439999999999998,83.39,88.2,80.21
SENSOR_10,64.8,2026-05-04T22:09:43.704Z,2026-05-04T22:09:43.704Z,81.76,-16.960000000000008,78.25333333333333,88.2,64.8
SENSOR_10,91.65,2026-05-04T22:13:13.704Z,2026-05-04T22:13:13.704Z,64.8,26.85000000000001,79.40333333333334,91.65,64.8
SENSOR_10,79.21,2026-05-04T22:14:13.704Z,2026-05-04T22:14:13.704Z,91.65,-12.440000000000012,78.55333333333333,91.65,64.8
SENSOR_10,85.93,2026-05-04T22:21:43.704Z,2026-05-04T22:21:43.704Z,79.21,6.720000000000013,85.59666666666668,91.65,79.21
SENSOR_10,62.82,2026-05-04T22:23:43.704Z,2026-05-04T22:23:43.704Z,85.93,-23.110000000000007,75.98666666666666,85.93,62.82
SENSOR_10,68.52,2026-05-04T22:36:13.704Z,2026-05-04T22:36:13.704Z,62.82,5.699999999999996,72.42333333333333,85.93,62.82
SENSOR_10,45.35,2026-05-04T22:52:43.704Z,2026-05-04T22:52:43.704Z,68.52,-23.169999999999995,58.89666666666667,68.52,45.35
SENSOR_10,93.41,2026-05-04T22:56:43.704Z,2026-05-04T22:56:43.704Z,45.35,48.059999999999995,69.09333333333333,93.41,45.35
SENSOR_10,68.87,2026-05-04T22:59:13.704Z,2026-05-04T22:59:13.704Z,93.41,-24.539999999999992,69.21,93.41,45.35
SENSOR_10,90.92,2026-05-04T23:00:13.704Z,2026-05-04T23:00:13.704Z,68.87,22.049999999999997,84.39999999999999,93.41,68.87
SENSOR_10,94.41,2026-05-04T23:01:13.704Z,2026-05-04T23:01:13.704Z,90.92,3.489999999999995,84.73333333333333,94.41,68.87
SENSOR_10,24.24,2026-05-04T23:04:43.704Z,2026-05-04T23:04:43.704Z,94.41,-70.17,69.85666666666667,94.41,24.24
SENSOR_10,57.44,2026-05-04T23:12:43.704Z,2026-05-04T23:12:43.704Z,24.24,33.2,58.69666666666666,94.41,24.24
SENSOR_10,42.33,2026-05-04T23:13:13.704Z,2026-05-04T23:13:13.704Z,57.44,-15.11,41.336666666666666,57.44,24.24
SENSOR_10,24.65,2026-05-04T23:20:13.704Z,2026-05-04T23:20:13.704Z,42.33,-17.68,41.47333333333333,57.44,24.65
SENSOR_10,60.43,2026-05-04T23:25:43.704Z,2026-05-04T23:25:43.704Z,24.65,35.78,42.47,60.43,24.65
SENSOR_10,47.13,2026-05-04T23:26:13.704Z,2026-05-04T23:26:13.704Z,60.43,-13.299999999999997,44.07,60.43,24.65
SENSOR_10,40.56,2026-05-04T23:26:43.704Z,2026-05-04T23:26:43.704Z,47.13,-6.57,49.373333333333335,60.43,40.56
SENSOR_10,80.33,2026-05-04T23:28:13.704Z,2026-05-04T23:28:13.704Z,40.56,39.769999999999996,56.00666666666666,80.33,40.56
SENSOR_10,61.48,2026-05-04T23:29:43.704Z,2026-05-04T23:29:43.704Z,80.33,-18.85,60.79,80.33,40.56
SENSOR_10,99.22,2026-05-04T23:34:13.704Z,2026-05-04T23:34:13.704Z,61.48,37.74,80.34333333333333,99.22,61.48
SENSOR_10,70.2,2026-05-04T23:35:13.704Z,2026-05-04T23:35:13.704Z,99.22,-29.019999999999996,76.96666666666665,99.22,61.48
SENSOR_10,68.87,2026-05-04T23:40:13.704Z,2026-05-04T23:40:13.704Z,70.2,-1.3299999999999983,79.43,99.22,68.87
SENSOR_10,87.77,2026-05-04T23:44:43.704Z,2026-05-04T23:44:43.704Z,68.87,18.89999999999999,75.61333333333333,87.77,68.87
SENSOR_10,21.27,2026-05-04T23:54:43.704Z,2026-05-04T23:54:43.704Z,87.77,-66.5,59.303333333333335,87.77,21.27
SENSOR_10,98.65,2026-05-05T00:15:13.704Z,2026-05-05T00:15:13.704Z,21.27,77.38000000000001,69.23,98.65,21.27
SENSOR_10,23.51,2026-05-05T00:19:13.704Z,2026-05-05T00:19:13.704Z,98.65,-75.14,47.81,98.65,21.27
SENSOR_10,97.24,2026-05-05T00:21:43.704Z,2026-05-05T00:21:43.704Z,23.51,73.72999999999999,73.13333333333334,98.65,23.51
SENSOR_10,92.09,2026-05-05T00:35:13.704Z,2026-05-05T00:35:13.704Z,97.24,-5.1499999999999915,70.94666666666667,97.24,23.51
SENSOR_10,73.17,2026-05-05T00:52:43.704Z,2026-05-05T00:52:43.704Z,92.09,-18.92,87.5,97.24,73.17
SENSOR_10,92.23,2026-05-05T00:59:43.704Z,2026-05-05T00:59:43.704Z,73.17,19.060000000000002,85.83,92.23,73.17
SENSOR_10,60.69,2026-05-05T01:14:43.704Z,2026-05-05T01:14:43.704Z,92.23,-31.540000000000006,75.36333333333333,92.23,60.69
SENSOR_10,55.92,2026-05-05T01:24:43.704Z,2026-05-05T01:24:43.704Z,60.69,-4.769999999999996,69.61333333333334,92.23,55.92
SENSOR_10,58.77,2026-05-05T01:30:43.704Z,2026-05-05T01:30:43.704Z,55.92,2.8500000000000014,58.46,60.69,55.92
SENSOR_10,21.57,2026-05-05T01:34:43.704Z,2026-05-05T01:34:43.704Z,58.77,-37.2,45.419999999999995,58.77,21.57
SENSOR_10,64.93,2026-05-05T01:38:13.704Z,2026-05-05T01:38:13.704Z,21.57,43.36000000000001,48.42333333333334,64.93,21.57
SENSOR_10,80.8,2026-05-05T01:38:43.704Z,2026-05-05T01:38:43.704Z,64.93,15.86999999999999,55.76666666666667,80.8,21.57
SENSOR_10,37.48,2026-05-05T01:43:13.704Z,2026-05-05T01:43:13.704Z,80.8,-43.32,61.07,80.8,37.48
SENSOR_10,23.47,2026-05-05T01:45:43.704Z,2026-05-05T01:45:43.704Z,37.48,-14.009999999999998,47.25,80.8,23.47
SENSOR_10,35.65,2026-05-05T01:48:13.704Z,2026-05-05T01:48:13.704Z,23.47,12.18,32.199999999999996,37.48,23.47
SENSOR_10,72.16,2026-05-05T01:48:43.704Z,2026-05-05T01:48:43.704Z,35.65,36.51,43.76,72.16,23.47
SENSOR_10,23.31,2026-05-05T02:00:43.704Z,2026-05-05T02:00:43.704Z,72.16,-48.849999999999994,43.70666666666667,72.16,23.31
SENSOR_2,31.15,2026-05-04T17:50:43.704Z,2026-05-04T17:50:43.704Z,,,31.15,31.15,31.15
SENSOR_2,92.28,2026-05-04T17:58:13.704Z,2026-05-04T17:58:13.704Z,31.15,61.13,61.715,92.28,31.15
SENSOR_2,24.37,2026-05-04T18:00:13.704Z,2026-05-04T18:00:13.704Z,92.28,-67.91,49.26666666666667,92.28,24.37
SENSOR_2,83.5,2026-05-04T18:01:13.704Z,2026-05-04T18:01:13.704Z,24.37,59.129999999999995,66.71666666666667,92.28,24.37
SENSOR_2,41.47,2026-05-04T18:04:13.704Z,2026-05-04T18:04:13.704Z,83.5,-42.03,49.78,83.5,24.37
SENSOR_2,75.51,2026-05-04T18:05:13.704Z,2026-05-04T18:05:13.704Z,41.47,34.040000000000006,66.82666666666667,83.5,41.47
SENSOR_2,88.38,2026-05-04T18:08:43.704Z,2026-05-04T18:08:43.704Z,75.51,12.86999999999999,68.45333333333333,88.38,41.47
SENSOR_2,65.99,2026-05-04T18:10:13.704Z,2026-05-04T18:10:13.704Z,88.38,-22.39,76.62666666666667,88.38,65.99
SENSOR_2,75.08,2026-05-04T18:22:43.704Z,2026-05-04T18:22:43.704Z,65.99,9.090000000000003,76.48333333333333,88.38,65.99
SENSOR_2,93.97,2026-05-04T18:30:43.704Z,2026-05-04T18:30:43.704Z,75.08,18.89,78.34666666666666,93.97,65.99
SENSOR_2,57.93,2026-05-04T18:33:13.704Z,2026-05-04T18:33:13.704Z,93.97,-36.04,75.66000000000001,93.97,57.93
SENSOR_2,54.44,2026-05-04T18:34:43.704Z,2026-05-04T18:34:43.704Z,57.93,-3.490000000000002,68.78,93.97,54.44
SENSOR_2,47.17,2026-05-04T18:38:13.704Z,2026-05-04T18:38:13.704Z,54.44,-7.269999999999996,53.18000000000001,57.93,47.17
SENSOR_2,84.78,2026-05-04T18:41:43.704Z,2026-05-04T18:41:43.704Z,47.17,37.61,62.129999999999995,84.78,47.17
SENSOR_2,93.07,2026-05-04T18:53:43.704Z,2026-05-04T18:53:43.704Z,84.78,8.289999999999992,75.00666666666666,93.07,47.17
SENSOR_2,95.2,2026-05-04T18:55:13.704Z,2026-05-04T18:55:13.704Z,93.07,2.1300000000000097,91.01666666666667,95.2,84.78
SENSOR_2,91.84,2026-05-04T18:58:13.704Z,2026-05-04T18:58:13.704Z,95.2,-3.3599999999999994,93.37,95.2,91.84
SENSOR_2,57.87,2026-05-04T18:58:43.704Z,2026-05-04T18:58:43.704Z,91.84,-33.970000000000006,81.63666666666667,95.2,57.87
SENSOR_2,25.77,2026-05-04T19:01:13.704Z,2026-05-04T19:01:13.704Z,57.87,-32.099999999999994,58.49333333333334,91.84,25.77
SENSOR_2,72.75,2026-05-04T19:06:13.704Z,2026-05-04T19:06:13.704Z,25.77,46.980000000000004,52.129999999999995,72.75,25.77
SENSOR_2,42.63,2026-05-04T19:14:13.704Z,2026-05-04T19:14:13.704Z,72.75,-30.119999999999997,47.050000000000004,72.75,25.77
SENSOR_2,68.08,2026-05-04T19:20:43.704Z,2026-05-04T19:20:43.704Z,42.63,25.449999999999996,61.15333333333333,72.75,42.63
SENSOR_2,37.2,2026-05-04T19:22:13.704Z,2026-05-04T19:22:13.704Z,68.08,-30.879999999999995,49.30333333333334,68.08,37.2
SENSOR_2,65.21,2026-05-04T19:24:13.704Z,2026-05-04T19:24:13.704Z,37.2,28.00999999999999,56.830000000000005,68.08,37.2
SENSOR_2,31.41,2026-05-04T19:26:13.704Z,2026-05-04T19:26:13.704Z,65.21,-33.8,44.60666666666666,65.21,31.41
SENSOR_2,38.35,2026-05-04T19:28:13.704Z,2026-05-04T19:28:13.704Z,31.41,6.940000000000001,44.99,65.21,31.41
SENSOR_2,46.87,2026-05-04T19:30:43.704Z,2026-05-04T19:30:43.704Z,38.35,8.519999999999996,38.876666666666665,46.87,31.41
SENSOR_2,62.11,2026-05-04T19:34:13.704Z,2026-05-04T19:34:13.704Z,46.87,15.240000000000002,49.10999999999999,62.11,38.35
SENSOR_2,21.84,2026-05-04T19:39:43.704Z,2026-05-04T19:39:43.704Z,62.11,-40.269999999999996,43.60666666666666,62.11,21.84
SENSOR_2,38.73,2026-05-04T19:45:43.704Z,2026-05-04T19:45:43.704Z,21.84,16.889999999999997,40.89333333333334,62.11,21.84
SENSOR_2,67.43,2026-05-04T19:47:43.704Z,2026-05-04T19:47:43.704Z,38.73,28.70000000000001,42.666666666666664,67.43,21.84
SENSOR_2,62.85,2026-05-04T19:54:43.704Z,2026-05-04T19:54:43.704Z,67.43,-4.580000000000005,56.336666666666666,67.43,38.73
SENSOR_2,73.7,2026-05-04T20:01:43.704Z,2026-05-04T20:01:43.704Z,62.85,10.850000000000001,67.99333333333334,73.7,62.85
SENSOR_2,50.26,2026-05-04T20:02:13.704Z,2026-05-04T20:02:13.704Z,73.7,-23.440000000000005,62.27,73.7,50.26
SENSOR_2,80.0,2026-05-04T20:10:43.704Z,2026-05-04T20:10:43.704Z,50.26,29.740000000000002,67.98666666666666,80.0,50.26
SENSOR_2,53.84,2026-05-04T20:12:13.704Z,2026-05-04T20:12:13.704Z,80.0,-26.159999999999997,61.36666666666667,80.0,50.26
SENSOR_2,80.96,2026-05-04T20:29:43.704Z,2026-05-04T20:29:43.704Z,53.84,27.11999999999999,71.60000000000001,80.96,53.84
SENSOR_2,45.43,2026-05-04T20:34:43.704Z,2026-05-04T20:34:43.704Z,80.96,-35.529999999999994,60.076666666666675,80.96,45.43
SENSOR_2,56.65,2026-05-04T20:44:43.704Z,2026-05-04T20:44:43.704Z,45.43,11.219999999999999,61.01333333333333,80.96,45.43
SENSOR_2,95.43,2026-05-04T20:48:43.704Z,2026-05-04T20:48:43.704Z,56.65,38.78000000000001,65.83666666666666,95.43,45.43
SENSOR_2,87.52,2026-05-04T20:50:43.704Z,2026-05-04T20:50:43.704Z,95.43,-7.910000000000011,79.86666666666667,95.43,56.65
SENSOR_2,99.24,2026-05-04T20:53:43.704Z,2026-05-04T20:53:43.704Z,87.52,11.719999999999999,94.06333333333333,99.24,87.52
SENSOR_2,30.8,2026-05-04T20:55:43.704Z,2026-05-04T20:55:43.704Z,99.24,-68.44,72.52,99.24,30.8
SENSOR_2,29.11,2026-05-04T20:59:13.704Z,2026-05-04T20:59:13.704Z,30.8,-1.6900000000000013,53.04999999999999,99.24,29.11
SENSOR_2,86.96,2026-05-04T21:05:13.704Z,2026-05-04T21:05:13.704Z,29.11,57.849999999999994,48.95666666666667,86.96,29.11
SENSOR_2,41.97,2026-05-04T21:15:43.704Z,2026-05-04T21:15:43.704Z,86.96,-44.989999999999995,52.68,86.96,29.11
SENSOR_2,61.11,2026-05-04T21:16:13.704Z,2026-05-04T21:16:13.704Z,41.97,19.14,63.34666666666667,86.96,41.97
SENSOR_2,22.43,2026-05-04T21:23:43.704Z,2026-05-04T21:23:43.704Z,61.11,-38.68,41.836666666666666,61.11,22.43
SENSOR_2,21.86,2026-05-04T21:25:43.704Z,2026-05-04T21:25:43.704Z,22.43,-0.5700000000000003,35.13333333333333,61.11,21.86
SENSOR_2,54.06,2026-05-04T21:28:43.704Z,2026-05-04T21:28:43.704Z,21.86,32.2,32.78333333333333,54.06,21.86
SENSOR_2,76.9,2026-05-04T21:31:13.704Z,2026-05-04T21:31:13.704Z,54.06,22.840000000000003,50.94,76.9,21.86
SENSOR_2,93.87,2026-05-04T21:38:43.704Z,2026-05-04T21:38:43.704Z,76.9,16.97,74.94333333333334,93.87,54.06
SENSOR_2,59.0,2026-05-04T21:51:43.704Z,2026-05-04T21:51:43.704Z,93.87,-34.870000000000005,76.59,93.87,59.0
SENSOR_2,70.36,2026-05-04T21:52:43.704Z,2026-05-04T21:52:43.704Z,59.0,11.36,74.41000000000001,93.87,59.0
SENSOR_2,39.09,2026-05-04T22:00:43.704Z,2026-05-04T22:00:43.704Z,70.36,-31.269999999999996,56.150000000000006,70.36,39.09
SENSOR_2,89.96,2026-05-04T22:01:43.704Z,2026-05-04T22:01:43.704Z,39.09,50.86999999999999,66.47,89.96,39.09
SENSOR_2,30.19,2026-05-04T22:04:43.704Z,2026-05-04T22:04:43.704Z,89.96,-59.769999999999996,53.080000000000005,89.96,30.19
SENSOR_2,20.98,2026-05-04T22:10:13.704Z,2026-05-04T22:10:13.704Z,30.19,-9.21,47.04333333333333,89.96,20.98
SENSOR_2,22.64,2026-05-04T22:15:13.704Z,2026-05-04T22:15:13.704Z,20.98,1.6600000000000001,24.603333333333335,30.19,20.98
SENSOR_2,82.81,2026-05-04T22:16:13.704Z,2026-05-04T22:16:13.704Z,22.64,60.17,42.14333333333334,82.81,20.98
SENSOR_2,51.76,2026-05-04T22:17:13.704Z,2026-05-04T22:17:13.704Z,82.81,-31.050000000000004,52.403333333333336,82.81,22.64
SENSOR_2,37.4,2026-05-04T22:18:13.704Z,2026-05-04T22:18:13.704Z,51.76,-14.36,57.32333333333333,82.81,37.4
SENSOR_2,73.8,2026-05-04T22:26:43.704Z,2026-05-04T22:26:43.704Z,37.4,36.4,54.31999999999999,73.8,37.4
SENSOR_2,60.47,2026-05-04T22:27:13.704Z,2026-05-04T22:27:13.704Z,73.8,-13.329999999999998,57.22333333333333,73.8,37.4
SENSOR_2,41.61,2026-05-04T22:34:43.704Z,2026-05-04T22:34:43.704Z,60.47,-18.86,58.626666666666665,73.8,41.61
SENSOR_2,43.97,2026-05-04T22:44:13.704Z,2026-05-04T22:44:13.704Z,41.61,2.3599999999999994,48.68333333333334,60.47,41.61
SENSOR_2,33.73,2026-05-04T22:45:13.704Z,2026-05-04T22:45:13.704Z,43.97,-10.240000000000002,39.77,43.97,33.73
SENSOR_2,35.85,2026-05-04T22:54:13.704Z,2026-05-04T22:54:13.704Z,33.73,2.1200000000000045,37.849999999999994,43.97,33.73
SENSOR_2,50.01,2026-05-04T23:01:43.704Z,2026-05-04T23:01:43.704Z,35.85,14.159999999999997,39.86333333333334,50.01,33.73
SENSOR_2,71.71,2026-05-04T23:02:13.704Z,2026-05-04T23:02:13.704Z,50.01,21.699999999999996,52.52333333333333,71.71,35.85
SENSOR_2,34.04,2026-05-04T23:07:13.704Z,2026-05-04T23:07:13.704Z,71.71,-37.669999999999995,51.919999999999995,71.71,34.04
SENSOR_2,87.35,2026-05-04T23:08:43.704Z,2026-05-04T23:08:43.704Z,34.04,53.309999999999995,64.36666666666666,87.35,34.04
SENSOR_2,32.1,2026-05-04T23:10:43.704Z,2026-05-04T23:10:43.704Z,87.35,-55.24999999999999,51.16333333333333,87.35,32.1
SENSOR_2,76.97,2026-05-04T23:14:13.704Z,2026-05-04T23:14:13.704Z,32.1,44.87,65.47333333333333,87.35,32.1
SENSOR_2,76.31,2026-05-04T23:36:43.704Z,2026-05-04T23:36:43.704Z,76.97,-0.6599999999999966,61.79333333333333,76.97,32.1
SENSOR_2,28.48,2026-05-04T23:44:13.704Z,2026-05-04T23:44:13.704Z,76.31,-47.83,60.586666666666666,76.97,28.48
SENSOR_2,39.86,2026-05-04T23:50:43.704Z,2026-05-04T23:50:43.704Z,28.48,11.379999999999999,48.21666666666667,76.31,28.48
SENSOR_2,31.52,2026-05-05T00:03:13.704Z,2026-05-05T00:03:13.704Z,39.86,-8.34,33.28666666666667,39.86,28.48
SENSOR_2,45.93,2026-05-05T00:05:43.704Z,2026-05-05T00:05:43.704Z,31.52,14.41,39.10333333333333,45.93,31.52
SENSOR_2,56.16,2026-05-05T00:08:13.704Z,2026-05-05T00:08:13.704Z,45.93,10.229999999999997,44.53666666666667,56.16,31.52
SENSOR_2,99.44,2026-05-05T00:09:13.704Z,2026-05-05T00:09:13.704Z,56.16,43.28,67.17666666666666,99.44,45.93
SENSOR_2,85.37,2026-05-05T00:20:43.704Z,2026-05-05T00:20:43.704Z,99.44,-14.069999999999993,80.32333333333334,99.44,56.16
SENSOR_2,29.99,2026-05-05T00:24:43.704Z,2026-05-05T00:24:43.704Z,85.37,-55.38000000000001,71.60000000000001,99.44,29.99
SENSOR_2,39.2,2026-05-05T00:28:43.704Z,2026-05-05T00:28:43.704Z,29.99,9.210000000000004,51.52,85.37,29.99
SENSOR_2,38.34,2026-05-05T00:29:13.704Z,2026-05-05T00:29:13.704Z,39.2,-0.8599999999999994,35.843333333333334,39.2,29.99
SENSOR_2,43.9,2026-05-05T00:37:43.704Z,2026-05-05T00:37:43.704Z,38.34,5.559999999999995,40.48,43.9,38.34
SENSOR_2,41.45,2026-05-05T00:43:43.704Z,2026-05-05T00:43:43.704Z,43.9,-2.4499999999999957,41.230000000000004,43.9,38.34
SENSOR_2,63.35,2026-05-05T00:45:13.704Z,2026-05-05T00:45:13.704Z,41.45,21.9,49.56666666666666,63.35,41.45
SENSOR_2,38.54,2026-05-05T00:45:43.704Z,2026-05-05T00:45:43.704Z,63.35,-24.810000000000002,47.78,63.35,38.54
SENSOR_2,53.0,2026-05-05T00:46:43.704Z,2026-05-05T00:46:43.704Z,38.54,14.46,51.629999999999995,63.35,38.54
SENSOR_2,96.5,2026-05-05T00:50:43.704Z,2026-05-05T00:50:43.704Z,53.0,43.5,62.68,96.5,38.54
SENSOR_2,57.09,2026-05-05T00:59:13.704Z,2026-05-05T00:59:13.704Z,96.5,-39.41,68.86333333333333,96.5,53.0
SENSOR_2,92.25,2026-05-05T01:09:43.704Z,2026-05-05T01:09:43.704Z,57.09,35.16,81.94666666666667,96.5,57.09
SENSOR_2,26.93,2026-05-05T01:11:43.704Z,2026-05-05T01:11:43.704Z,92.25,-65.32,58.75666666666667,92.25,26.93
SENSOR_2,91.7,2026-05-05T01:19:43.704Z,2026-05-05T01:19:43.704Z,26.93,64.77000000000001,70.29333333333334,92.25,26.93
SENSOR_2,85.88,2026-05-05T01:25:13.704Z,2026-05-05T01:25:13.704Z,91.7,-5.820000000000007,68.17,91.7,26.93
SENSOR_2,89.15,2026-05-05T01:26:43.704Z,2026-05-05T01:26:43.704Z,85.88,3.2700000000000102,88.91000000000001,91.7,85.88
SENSOR_2,47.16,2026-05-05T01:33:43.704Z,2026-05-05T01:33:43.704Z,89.15,-41.99000000000001,74.06333333333333,89.15,47.16
SENSOR_2,70.06,2026-05-05T01:39:13.704Z,2026-05-05T01:39:13.704Z,47.16,22.900000000000006,68.79,89.15,47.16
SENSOR_2,70.17,2026-05-05T01:45:13.704Z,2026-05-05T01:45:13.704Z,70.06,0.10999999999999943,62.46333333333333,70.17,47.16
SENSOR_2,97.53,2026-05-05T01:53:43.704Z,2026-05-05T01:53:43.704Z,70.17,27.36,79.25333333333334,97.53,70.06
SENSOR_2,66.13,2026-05-05T01:54:13.704Z,2026-05-05T01:54:13.704Z,97.53,-31.400000000000006,77.94333333333333,97.53,66.13
SENSOR_2,57.19,2026-05-05T02:04:43.704Z,2026-05-05T02:04:43.704Z,66.13,-8.939999999999998,73.61666666666666,97.53,57.19
SENSOR_2,30.48,2026-05-05T02:06:13.704Z,2026-05-05T02:06:13.704Z,57.19,-26.709999999999997,51.26666666666666,66.13,30.48
SENSOR_2,92.14,2026-05-05T02:08:43.704Z,2026-05-05T02:08:43.704Z,30.48,61.66,59.93666666666667,92.14,30.48
SENSOR_3,91.92,2026-05-04T17:50:13.704Z,2026-05-04T17:50:13.704Z,,,91.92,91.92,91.92
SENSOR_3,60.63,2026-05-04T18:01:43.704Z,2026-05-04T18:01:43.704Z,91.92,-31.29,76.275,91.92,60.63
SENSOR_3,96.49,2026-05-04T18:02:13.704Z,2026-05-04T18:02:13.704Z,60.63,35.85999999999999,83.01333333333334,96.49,60.63
SENSOR_3,28.52,2026-05-04T18:13:13.704Z,2026-05-04T18:13:13.704Z,96.49,-67.97,61.88,96.49,28.52
SENSOR_3,39.74,2026-05-04T18:18:13.704Z,2026-05-04T18:18:13.704Z,28.52,11.220000000000002,54.916666666666664,96.49,28.52
SENSOR_3,20.26,2026-05-04T18:42:43.704Z,2026-05-04T18:42:43.704Z,39.74,-19.48,29.50666666666667,39.74,20.26
SENSOR_3,50.78,2026-05-04T18:56:43.704Z,2026-05-04T18:56:43.704Z,20.26,30.52,36.92666666666667,50.78,20.26
SENSOR_3,45.62,2026-05-04T19:00:43.704Z,2026-05-04T19:00:43.704Z,50.78,-5.160000000000004,38.88666666666666,50.78,20.26
SENSOR_3,21.45,2026-05-04T19:02:43.704Z,2026-05-04T19:02:43.704Z,45.62,-24.169999999999998,39.28333333333334,50.78,21.45
SENSOR_3,74.56,2026-05-04T19:13:43.704Z,2026-05-04T19:13:43.704Z,21.45,53.11,47.21,74.56,21.45
SENSOR_3,90.35,2026-05-04T19:15:43.704Z,2026-05-04T19:15:43.704Z,74.56,15.789999999999992,62.120000000000005,90.35,21.45
SENSOR_3,33.59,2026-05-04T19:17:43.704Z,2026-05-04T19:17:43.704Z,90.35,-56.75999999999999,66.16666666666667,90.35,33.59
SENSOR_3,26.79,2026-05-04T19:20:13.704Z,2026-05-04T19:20:13.704Z,33.59,-6.800000000000004,50.24333333333333,90.35,26.79
SENSOR_3,32.14,2026-05-04T19:21:13.704Z,2026-05-04T19:21:13.704Z,26.79,5.350000000000001,30.840000000000003,33.59,26.79
SENSOR_3,40.68,2026-05-04T19:26:43.704Z,2026-05-04T19:26:43.704Z,32.14,8.54,33.20333333333333,40.68,26.79
SENSOR_3,65.96,2026-05-04T19:27:13.704Z,2026-05-04T19:27:13.704Z,40.68,25.279999999999994,46.25999999999999,65.96,32.14
SENSOR_3,90.88,2026-05-04T19:31:13.704Z,2026-05-04T19:31:13.704Z,65.96,24.92,65.83999999999999,90.88,40.68
SENSOR_3,84.08,2026-05-04T19:32:43.704Z,2026-05-04T19:32:43.704Z,90.88,-6.799999999999997,80.30666666666666,90.88,65.96
SENSOR_3,31.24,2026-05-04T20:01:13.704Z,2026-05-04T20:01:13.704Z,84.08,-52.84,68.73333333333333,90.88,31.24
SENSOR_3,83.15,2026-05-04T20:07:13.704Z,2026-05-04T20:07:13.704Z,31.24,51.91000000000001,66.15666666666667,84.08,31.24
SENSOR_3,59.14,2026-05-04T20:12:43.704Z,2026-05-04T20:12:43.704Z,83.15,-24.010000000000005,57.843333333333334,83.15,31.24
SENSOR_3,44.17,2026-05-04T20:18:13.704Z,2026-05-04T20:18:13.704Z,59.14,-14.969999999999999,62.15333333333334,83.15,44.17
SENSOR_3,78.93,2026-05-04T20:18:43.704Z,2026-05-04T20:18:43.704Z,44.17,34.760000000000005,60.74666666666667,78.93,44.17
SENSOR_3,30.07,2026-05-04T20:19:13.704Z,2026-05-04T20:19:13.704Z,78.93,-48.86000000000001,51.05666666666667,78.93,30.07
SENSOR_3,37.53,2026-05-04T20:32:13.704Z,2026-05-04T20:32:13.704Z,30.07,7.460000000000001,48.843333333333334,78.93,30.07
SENSOR_3,42.99,2026-05-04T20:33:43.704Z,2026-05-04T20:33:43.704Z,37.53,5.460000000000001,36.86333333333334,42.99,30.07
SENSOR_3,86.76,2026-05-04T20:37:43.704Z,2026-05-04T20:37:43.704Z,42.99,43.77,55.76000000000001,86.76,37.53
SENSOR_3,90.5,2026-05-04T20:38:13.704Z,2026-05-04T20:38:13.704Z,86.76,3.739999999999995,73.41666666666667,90.5,42.99
SENSOR_3,47.55,2026-05-04T20:43:13.704Z,2026-05-04T20:43:13.704Z,90.5,-42.95,74.93666666666667,90.5,47.55
SENSOR_3,70.11,2026-05-04T20:43:43.704Z,2026-05-04T20:43:43.704Z,47.55,22.560000000000002,69.38666666666667,90.5,47.55
SENSOR_3,89.76,2026-05-04T20:46:13.704Z,2026-05-04T20:46:13.704Z,70.11,19.650000000000006,69.14,89.76,47.55
SENSOR_3,63.95,2026-05-04T20:46:43.704Z,2026-05-04T20:46:43.704Z,89.76,-25.810000000000002,74.60666666666667,89.76,63.95
SENSOR_3,60.66,2026-05-04T20:48:13.704Z,2026-05-04T20:48:13.704Z,63.95,-3.2900000000000063,71.45666666666666,89.76,60.66
SENSOR_3,69.65,2026-05-04T21:02:13.704Z,2026-05-04T21:02:13.704Z,60.66,8.990000000000009,64.75333333333333,69.65,60.66
SENSOR_3,74.19,2026-05-04T21:15:13.704Z,2026-05-04T21:15:13.704Z,69.65,4.539999999999992,68.16666666666667,74.19,60.66
SENSOR_3,89.91,2026-05-04T21:17:13.704Z,2026-05-04T21:17:13.704Z,74.19,15.719999999999999,77.91666666666667,89.91,69.65
SENSOR_3,47.97,2026-05-04T21:19:43.704Z,2026-05-04T21:19:43.704Z,89.91,-41.94,70.69,89.91,47.97
SENSOR_3,40.82,2026-05-04T21:20:43.704Z,2026-05-04T21:20:43.704Z,47.97,-7.149999999999999,59.56666666666666,89.91,40.82
SENSOR_3,41.4,2026-05-04T21:21:43.704Z,2026-05-04T21:21:43.704Z,40.82,0.5799999999999983,43.39666666666667,47.97,40.82
SENSOR_3,54.92,2026-05-04T21:24:13.704Z,2026-05-04T21:24:13.704Z,41.4,13.520000000000003,45.71333333333333,54.92,40.82
SENSOR_3,43.58,2026-05-04T21:32:13.704Z,2026-05-04T21:32:13.704Z,54.92,-11.340000000000003,46.633333333333326,54.92,41.4
SENSOR_3,50.18,2026-05-04T21:37:43.704Z,2026-05-04T21:37:43.704Z,43.58,6.600000000000001,49.56,54.92,43.58
SENSOR_3,57.3,2026-05-04T21:42:43.704Z,2026-05-04T21:42:43.704Z,50.18,7.119999999999997,50.35333333333333,57.3,43.58
SENSOR_3,56.2,2026-05-04T21:47:43.704Z,2026-05-04T21:47:43.704Z,57.3,-1.0999999999999943,54.56,57.3,50.18
SENSOR_3,88.02,2026-05-04T21:49:13.704Z,2026-05-04T21:49:13.704Z,56.2,31.819999999999993,67.17333333333333,88.02,56.2
SENSOR_3,59.51,2026-05-04T21:59:43.704Z,2026-05-04T21:59:43.704Z,88.02,-28.509999999999998,67.91,88.02,56.2
SENSOR_3,94.64,2026-05-04T22:06:13.704Z,2026-05-04T22:06:13.704Z,59.51,35.13,80.72333333333334,94.64,59.51
SENSOR_3,77.13,2026-05-04T22:07:43.704Z,2026-05-04T22:07:43.704Z,94.64,-17.510000000000005,77.09333333333333,94.64,59.51
SENSOR_3,85.59,2026-05-04T22:09:13.704Z,2026-05-04T22:09:13.704Z,77.13,8.460000000000008,85.78666666666668,94.64,77.13
SENSOR_3,40.87,2026-05-04T22:11:43.704Z,2026-05-04T22:11:43.704Z,85.59,-44.720000000000006,67.86333333333333,85.59,40.87
SENSOR_3,68.97,2026-05-04T22:14:43.704Z,2026-05-04T22:14:43.704Z,40.87,28.1,65.14333333333333,85.59,40.87
SENSOR_3,45.05,2026-05-04T22:15:43.704Z,2026-05-04T22:15:43.704Z,68.97,-23.92,51.629999999999995,68.97,40.87
SENSOR_3,92.3,2026-05-04T22:16:43.704Z,2026-05-04T22:16:43.704Z,45.05,47.25,68.77333333333333,92.3,45.05
SENSOR_3,23.96,2026-05-04T22:17:43.704Z,2026-05-04T22:17:43.704Z,92.3,-68.34,53.77,92.3,23.96
SENSOR_3,47.63,2026-05-04T22:25:13.704Z,2026-05-04T22:25:13.704Z,23.96,23.67,54.629999999999995,92.3,23.96
SENSOR_3,86.33,2026-05-04T22:28:43.704Z,2026-05-04T22:28:43.704Z,47.63,38.699999999999996,52.64000000000001,86.33,23.96
SENSOR_3,21.49,2026-05-04T22:30:43.704Z,2026-05-04T22:30:43.704Z,86.33,-64.84,51.81666666666667,86.33,21.49
SENSOR_3,99.41,2026-05-04T22:36:43.704Z,2026-05-04T22:36:43.704Z,21.49,77.92,69.07666666666667,99.41,21.49
SENSOR_3,89.47,2026-05-04T22:39:13.704Z,2026-05-04T22:39:13.704Z,99.41,-9.939999999999998,70.12333333333333,99.41,21.49
SENSOR_3,36.88,2026-05-04T22:40:13.704Z,2026-05-04T22:40:13.704Z,89.47,-52.589999999999996,75.25333333333333,99.41,36.88
SENSOR_3,53.15,2026-05-04T22:41:13.704Z,2026-05-04T22:41:13.704Z,36.88,16.269999999999996,59.833333333333336,89.47,36.88
SENSOR_3,73.22,2026-05-04T22:42:43.704Z,2026-05-04T22:42:43.704Z,53.15,20.07,54.416666666666664,73.22,36.88
SENSOR_3,68.79,2026-05-04T22:48:43.704Z,2026-05-04T22:48:43.704Z,73.22,-4.429999999999993,65.05333333333334,73.22,53.15
SENSOR_3,55.89,2026-05-04T22:49:13.704Z,2026-05-04T22:49:13.704Z,68.79,-12.900000000000006,65.96666666666665,73.22,55.89
SENSOR_3,89.43,2026-05-04T22:55:13.704Z,2026-05-04T22:55:13.704Z,55.89,33.540000000000006,71.37,89.43,55.89
SENSOR_3,31.8,2026-05-04T22:57:43.704Z,2026-05-04T22:57:43.704Z,89.43,-57.63000000000001,59.04,89.43,31.8
SENSOR_3,97.39,2026-05-04T22:58:43.704Z,2026-05-04T22:58:43.704Z,31.8,65.59,72.87333333333333,97.39,31.8
SENSOR_3,66.05,2026-05-04T23:05:13.704Z,2026-05-04T23:05:13.704Z,97.39,-31.340000000000003,65.08,97.39,31.8
SENSOR_3,55.95,2026-05-04T23:06:13.704Z,2026-05-04T23:06:13.704Z,66.05,-10.099999999999994,73.13,97.39,55.95
SENSOR_3,75.51,2026-05-04T23:15:43.704Z,2026-05-04T23:15:43.704Z,55.95,19.560000000000002,65.83666666666666,75.51,55.95
SENSOR_3,97.12,2026-05-04T23:21:43.704Z,2026-05-04T23:21:43.704Z,75.51,21.61,76.19333333333334,97.12,55.95
SENSOR_3,27.28,2026-05-04T23:23:43.704Z,2026-05-04T23:23:43.704Z,97.12,-69.84,66.63666666666667,97.12,27.28
SENSOR_3,38.08,2026-05-04T23:27:43.704Z,2026-05-04T23:27:43.704Z,27.28,10.799999999999997,54.160000000000004,97.12,27.28
SENSOR_3,65.9,2026-05-04T23:28:43.704Z,2026-05-04T23:28:43.704Z,38.08,27.820000000000007,43.75333333333333,65.9,27.28
SENSOR_3,72.5,2026-05-04T23:38:43.704Z,2026-05-04T23:38:43.704Z,65.9,6.599999999999994,58.826666666666675,72.5,38.08
SENSOR_3,96.31,2026-05-04T23:40:43.704Z,2026-05-04T23:40:43.704Z,72.5,23.810000000000002,78.23666666666666,96.31,65.9
SENSOR_3,60.82,2026-05-04T23:42:13.704Z,2026-05-04T23:42:13.704Z,96.31,-35.49,76.54333333333334,96.31,60.82
SENSOR_3,47.82,2026-05-04T23:42:43.704Z,2026-05-04T23:42:43.704Z,60.82,-13.0,68.31666666666666,96.31,47.82
SENSOR_3,51.32,2026-05-04T23:43:43.704Z,2026-05-04T23:43:43.704Z,47.82,3.5,53.32,60.82,47.82
SENSOR_3,53.09,2026-05-04T23:45:13.704Z,2026-05-04T23:45:13.704Z,51.32,1.7700000000000031,50.74333333333334,53.09,47.82
SENSOR_3,67.02,2026-05-04T23:46:13.704Z,2026-05-04T23:46:13.704Z,53.09,13.929999999999993,57.14333333333334,67.02,51.32
SENSOR_3,92.33,2026-05-04T23:52:13.704Z,2026-05-04T23:52:13.704Z,67.02,25.310000000000002,70.81333333333333,92.33,53.09
SENSOR_3,97.59,2026-05-04T23:53:13.704Z,2026-05-04T23:53:13.704Z,92.33,5.260000000000005,85.64666666666666,97.59,67.02
SENSOR_3,74.88,2026-05-04T23:57:43.704Z,2026-05-04T23:57:43.704Z,97.59,-22.710000000000008,88.26666666666667,97.59,74.88
SENSOR_3,78.69,2026-05-04T23:58:13.704Z,2026-05-04T23:58:13.704Z,74.88,3.8100000000000023,83.72,97.59,74.88
SENSOR_3,47.57,2026-05-04T23:58:43.704Z,2026-05-04T23:58:43.704Z,78.69,-31.119999999999997,67.04666666666667,78.69,47.57
SENSOR_3,91.01,2026-05-04T23:59:43.704Z,2026-05-04T23:59:43.704Z,47.57,43.440000000000005,72.42333333333333,91.01,47.57
SENSOR_3,94.32,2026-05-05T00:06:13.704Z,2026-05-05T00:06:13.704Z,91.01,3.309999999999988,77.63333333333334,94.32,47.57
SENSOR_3,54.96,2026-05-05T00:13:13.704Z,2026-05-05T00:13:13.704Z,94.32,-39.35999999999999,80.09666666666666,94.32,54.96
SENSOR_3,62.75,2026-05-05T00:14:13.704Z,2026-05-05T00:14:13.704Z,54.96,7.789999999999999,70.67666666666666,94.32,54.96
SENSOR_3,28.24,2026-05-05T00:18:13.704Z,2026-05-05T00:18:13.704Z,62.75,-34.510000000000005,48.650000000000006,62.75,28.24
SENSOR_3,84.94,2026-05-05T00:21:13.704Z,2026-05-05T00:21:13.704Z,28.24,56.7,58.64333333333334,84.94,28.24
SENSOR_3,38.91,2026-05-05T00:26:13.704Z,2026-05-05T00:26:13.704Z,84.94,-46.03,50.69666666666666,84.94,28.24
SENSOR_3,73.12,2026-05-05T00:34:13.704Z,2026-05-05T00:34:13.704Z,38.91,34.21000000000001,65.65666666666667,84.94,38.91
SENSOR_3,85.89,2026-05-05T00:35:43.704Z,2026-05-05T00:35:43.704Z,73.12,12.769999999999996,65.97333333333334,85.89,38.91
SENSOR_3,81.74,2026-05-05T00:44:43.704Z,2026-05-05T00:44:43.704Z,85.89,-4.150000000000006,80.25,85.89,73.12
SENSOR_3,99.15,2026-05-05T00:47:43.704Z,2026-05-05T00:47:43.704Z,81.74,17.41000000000001,88.92666666666666,99.15,81.74
SENSOR_3,59.34,2026-05-05T00:53:13.704Z,2026-05-05T00:53:13.704Z,99.15,-39.81,80.07666666666667,99.15,59.34
SENSOR_3,41.17,2026-05-05T00:54:13.704Z,2026-05-05T00:54:13.704Z,59.34,-18.17,66.55333333333334,99.15,41.17
SENSOR_3,91.25,2026-05-05T01:16:43.704Z,2026-05-05T01:16:43.704Z,41.17,50.08,63.919999999999995,91.25,41.17
SENSOR_3,81.13,2026-05-05T01:22:13.704Z,2026-05-05T01:22:13.704Z,91.25,-10.120000000000005,71.18333333333334,91.25,41.17
SENSOR_3,37.97,2026-05-05T01:23:13.704Z,2026-05-05T01:23:13.704Z,81.13,-43.16,70.11666666666666,91.25,37.97
SENSOR_3,93.84,2026-05-05T01:28:13.704Z,2026-05-05T01:28:13.704Z,37.97,55.870000000000005,70.98,93.84,37.97
SENSOR_3,80.79,2026-05-05T01:29:13.704Z,2026-05-05T01:29:13.704Z,93.84,-13.049999999999997,70.86666666666667,93.84,37.97
SENSOR_3,55.36,2026-05-05T01:35:43.704Z,2026-05-05T01:35:43.704Z,80.79,-25.430000000000007,76.66333333333334,93.84,55.36
SENSOR_3,66.96,2026-05-05T01:41:13.704Z,2026-05-05T01:41:13.704Z,55.36,11.599999999999994,67.70333333333333,80.79,55.36
SENSOR_3,39.36,2026-05-05T01:42:43.704Z,2026-05-05T01:42:43.704Z,66.96,-27.599999999999994,53.89333333333334,66.96,39.36
SENSOR_3,40.1,2026-05-05T01:46:13.704Z,2026-05-05T01:46:13.704Z,39.36,0.740000000000002,48.806666666666665,66.96,39.36
SENSOR_3,47.11,2026-05-05T01:50:13.704Z,2026-05-05T01:50:13.704Z,40.1,7.009999999999998,42.190000000000005,47.11,39.36
SENSOR_3,82.5,2026-05-05T01:50:43.704Z,2026-05-05T01:50:43.704Z,47.11,35.39,56.57,82.5,40.1
SENSOR_3,90.98,2026-05-05T01:59:13.704Z,2026-05-05T01:59:13.704Z,82.5,8.480000000000004,73.53000000000002,90.98,47.11
SENSOR_3,64.64,2026-05-05T02:01:43.704Z,2026-05-05T02:01:43.704Z,90.98,-26.340000000000003,79.37333333333333,90.98,64.64
SENSOR_3,37.66,2026-05-05T02:03:13.704Z,2026-05-05T02:03:13.704Z,64.64,-26.980000000000004,64.42666666666666,90.98,37.66
SENSOR_3,59.91,2026-05-05T02:05:13.704Z,2026-05-05T02:05:13.704Z,37.66,22.25,54.06999999999999,64.64,37.66
SENSOR_4,35.49,2026-05-04T17:54:13.704Z,2026-05-04T17:54:13.704Z,,,35.49,35.49,35.49
SENSOR_4,34.78,2026-05-04T17:54:43.704Z,2026-05-04T17:54:43.704Z,35.49,-0.7100000000000009,35.135000000000005,35.49,34.78
SENSOR_4,38.94,2026-05-04T17:56:13.704Z,2026-05-04T17:56:13.704Z,34.78,4.159999999999997,36.403333333333336,38.94,34.78
SENSOR_4,53.07,2026-05-04T18:02:43.704Z,2026-05-04T18:02:43.704Z,38.94,14.130000000000003,42.26333333333333,53.07,34.78
SENSOR_4,66.52,2026-05-04T18:03:13.704Z,2026-05-04T18:03:13.704Z,53.07,13.449999999999996,52.84333333333333,66.52,38.94
SENSOR_4,58.88,2026-05-04T18:11:13.704Z,2026-05-04T18:11:13.704Z,66.52,-7.6399999999999935,59.49,66.52,53.07
SENSOR_4,50.98,2026-05-04T18:20:13.704Z,2026-05-04T18:20:13.704Z,58.88,-7.900000000000006,58.79333333333333,66.52,50.98
SENSOR_4,44.81,2026-05-04T18:26:13.704Z,2026-05-04T18:26:13.704Z,50.98,-6.169999999999995,51.55666666666667,58.88,44.81
SENSOR_4,86.2,2026-05-04T18:32:43.704Z,2026-05-04T18:32:43.704Z,44.81,41.39,60.663333333333334,86.2,44.81
SENSOR_4,22.1,2026-05-04T18:43:43.704Z,2026-05-04T18:43:43.704Z,86.2,-64.1,51.03666666666666,86.2,22.1
SENSOR_4,97.28,2026-05-04T18:44:43.704Z,2026-05-04T18:44:43.704Z,22.1,75.18,68.52666666666667,97.28,22.1
SENSOR_4,35.06,2026-05-04T18:45:43.704Z,2026-05-04T18:45:43.704Z,97.28,-62.22,51.48,97.28,22.1
SENSOR_4,29.03,2026-05-04T18:46:13.704Z,2026-05-04T18:46:13.704Z,35.06,-6.030000000000001,53.79,97.28,29.03
SENSOR_4,22.49,2026-05-04T18:46:43.704Z,2026-05-04T18:46:43.704Z,29.03,-6.540000000000003,28.86,35.06,22.49
SENSOR_4,31.12,2026-05-04T19:03:13.704Z,2026-05-04T19:03:13.704Z,22.49,8.630000000000003,27.546666666666667,31.12,22.49
SENSOR_4,49.93,2026-05-04T19:09:13.704Z,2026-05-04T19:09:13.704Z,31.12,18.81,34.51333333333333,49.93,22.49
SENSOR_4,31.34,2026-05-04T19:09:43.704Z,2026-05-04T19:09:43.704Z,49.93,-18.59,37.46333333333333,49.93,31.12
SENSOR_4,94.18,2026-05-04T19:19:13.704Z,2026-05-04T19:19:13.704Z,31.34,62.84,58.48333333333333,94.18,31.34
SENSOR_4,40.53,2026-05-04T19:23:43.704Z,2026-05-04T19:23:43.704Z,94.18,-53.650000000000006,55.35,94.18,31.34
SENSOR_4,47.32,2026-05-04T19:33:43.704Z,2026-05-04T19:33:43.704Z,40.53,6.789999999999999,60.67666666666667,94.18,40.53
SENSOR_4,47.99,2026-05-04T19:36:43.704Z,2026-05-04T19:36:43.704Z,47.32,0.6700000000000017,45.28,47.99,40.53
SENSOR_4,74.92,2026-05-04T19:37:13.704Z,2026-05-04T19:37:13.704Z,47.99,26.93,56.74333333333334,74.92,47.32
SENSOR_4,34.02,2026-05-04T19:38:43.704Z,2026-05-04T19:38:43.704Z,74.92,-40.9,52.31,74.92,34.02
SENSOR_4,52.58,2026-05-04T19:42:43.704Z,2026-05-04T19:42:43.704Z,34.02,18.559999999999995,53.839999999999996,74.92,34.02
SENSOR_4,32.62,2026-05-04T19:44:43.704Z,2026-05-04T19:44:43.704Z,52.58,-19.96,39.74,52.58,32.62
SENSOR_4,61.91,2026-05-04T19:46:43.704Z,2026-05-04T19:46:43.704Z,32.62,29.29,49.03666666666666,61.91,32.62
SENSOR_4,91.58,2026-05-04T19:48:43.704Z,2026-05-04T19:48:43.704Z,61.91,29.67,62.03666666666667,91.58,32.62
SENSOR_4,52.49,2026-05-04T19:49:13.704Z,2026-05-04T19:49:13.704Z,91.58,-39.089999999999996,68.66000000000001,91.58,52.49
SENSOR_4,99.65,2026-05-04T19:53:13.704Z,2026-05-04T19:53:13.704Z,52.49,47.160000000000004,81.24,99.65,52.49
SENSOR_4,57.31,2026-05-04T19:57:43.704Z,2026-05-04T19:57:43.704Z,99.65,-42.34,69.81666666666668,99.65,52.49
SENSOR_4,24.15,2026-05-04T19:59:43.704Z,2026-05-04T19:59:43.704Z,57.31,-33.160000000000004,60.370000000000005,99.65,24.15
SENSOR_4,84.55,2026-05-04T20:03:43.704Z,2026-05-04T20:03:43.704Z,24.15,60.4,55.336666666666666,84.55,24.15
SENSOR_4,73.94,2026-05-04T20:14:43.704Z,2026-05-04T20:14:43.704Z,84.55,-10.61,60.879999999999995,84.55,24.15
SENSOR_4,23.43,2026-05-04T20:24:13.704Z,2026-05-04T20:24:13.704Z,73.94,-50.51,60.64000000000001,84.55,23.43
SENSOR_4,94.69,2026-05-04T20:28:13.704Z,2026-05-04T20:28:13.704Z,23.43,71.25999999999999,64.02,94.69,23.43
SENSOR_4,47.67,2026-05-04T20:31:13.704Z,2026-05-04T20:31:13.704Z,94.69,-47.019999999999996,55.26333333333334,94.69,23.43
SENSOR_4,89.84,2026-05-04T20:35:13.704Z,2026-05-04T20:35:13.704Z,47.67,42.17,77.4,94.69,47.67
SENSOR_4,96.83,2026-05-04T21:01:43.704Z,2026-05-04T21:01:43.704Z,89.84,6.989999999999995,78.11333333333333,96.83,47.67
SENSOR_4,71.57,2026-05-04T21:03:43.704Z,2026-05-04T21:03:43.704Z,96.83,-25.260000000000005,86.08,96.83,71.57
SENSOR_4,68.17,2026-05-04T21:10:43.704Z,2026-05-04T21:10:43.704Z,71.57,-3.3999999999999915,78.85666666666667,96.83,68.17
SENSOR_4,47.73,2026-05-04T21:11:13.704Z,2026-05-04T21:11:13.704Z,68.17,-20.440000000000005,62.49,71.57,47.73
SENSOR_4,84.31,2026-05-04T21:12:43.704Z,2026-05-04T21:12:43.704Z,47.73,36.580000000000005,66.73666666666666,84.31,47.73
SENSOR_4,74.52,2026-05-04T21:20:13.704Z,2026-05-04T21:20:13.704Z,84.31,-9.790000000000006,68.85333333333334,84.31,47.73
SENSOR_4,66.61,2026-05-04T21:42:13.704Z,2026-05-04T21:42:13.704Z,74.52,-7.909999999999997,75.14666666666666,84.31,66.61
SENSOR_4,74.96,2026-05-04T21:43:43.704Z,2026-05-04T21:43:43.704Z,66.61,8.349999999999994,72.02999999999999,74.96,66.61
SENSOR_4,49.07,2026-05-04T21:44:13.704Z,2026-05-04T21:44:13.704Z,74.96,-25.889999999999993,63.54666666666666,74.96,49.07
SENSOR_4,57.48,2026-05-04T21:45:13.704Z,2026-05-04T21:45:13.704Z,49.07,8.409999999999997,60.50333333333333,74.96,49.07
SENSOR_4,92.13,2026-05-04T21:46:13.704Z,2026-05-04T21:46:13.704Z,57.48,34.65,66.22666666666667,92.13,49.07
SENSOR_4,30.58,2026-05-04T21:51:13.704Z,2026-05-04T21:51:13.704Z,92.13,-61.55,60.06333333333333,92.13,30.58
SENSOR_4,59.66,2026-05-04T21:54:43.704Z,2026-05-04T21:54:43.704Z,30.58,29.08,60.79,92.13,30.58
SENSOR_4,31.32,2026-05-04T21:56:43.704Z,2026-05-04T21:56:43.704Z,59.66,-28.339999999999996,40.52,59.66,30.58
SENSOR_4,47.16,2026-05-04T22:02:43.704Z,2026-05-04T22:02:43.704Z,31.32,15.839999999999996,46.04666666666666,59.66,31.32
SENSOR_4,77.6,2026-05-04T22:13:43.704Z,2026-05-04T22:13:43.704Z,47.16,30.439999999999998,52.026666666666664,77.6,31.32
SENSOR_4,57.84,2026-05-04T22:19:13.704Z,2026-05-04T22:19:13.704Z,77.6,-19.75999999999999,60.86666666666667,77.6,47.16
SENSOR_4,75.35,2026-05-04T22:24:43.704Z,2026-05-04T22:24:43.704Z,57.84,17.50999999999999,70.26333333333334,77.6,57.84
SENSOR_4,33.52,2026-05-04T22:25:43.704Z,2026-05-04T22:25:43.704Z,75.35,-41.82999999999999,55.57,75.35,33.52
SENSOR_4,90.18,2026-05-04T22:31:13.704Z,2026-05-04T22:31:13.704Z,33.52,56.660000000000004,66.35000000000001,90.18,33.52
SENSOR_4,53.63,2026-05-04T22:53:43.704Z,2026-05-04T22:53:43.704Z,90.18,-36.550000000000004,59.11000000000001,90.18,33.52
SENSOR_4,79.94,2026-05-04T23:00:43.704Z,2026-05-04T23:00:43.704Z,53.63,26.309999999999995,74.58333333333333,90.18,53.63
SENSOR_4,23.37,2026-05-04T23:03:43.704Z,2026-05-04T23:03:43.704Z,79.94,-56.56999999999999,52.31333333333333,79.94,23.37
SENSOR_4,41.61,2026-05-04T23:06:43.704Z,2026-05-04T23:06:43.704Z,23.37,18.24,48.30666666666667,79.94,23.37
SENSOR_4,39.07,2026-05-04T23:16:13.704Z,2026-05-04T23:16:13.704Z,41.61,-2.539999999999999,34.68333333333334,41.61,23.37
SENSOR_4,71.68,2026-05-04T23:19:13.704Z,2026-05-04T23:19:13.704Z,39.07,32.61000000000001,50.78666666666667,71.68,39.07
SENSOR_4,52.92,2026-05-04T23:22:43.704Z,2026-05-04T23:22:43.704Z,71.68,-18.760000000000005,54.55666666666667,71.68,39.07
SENSOR_4,81.52,2026-05-04T23:24:43.704Z,2026-05-04T23:24:43.704Z,52.92,28.599999999999994,68.70666666666666,81.52,52.92
SENSOR_4,60.99,2026-05-04T23:31:13.704Z,2026-05-04T23:31:13.704Z,81.52,-20.529999999999994,65.14333333333333,81.52,52.92
SENSOR_4,80.38,2026-05-04T23:37:13.704Z,2026-05-04T23:37:13.704Z,60.99,19.389999999999993,74.29666666666667,81.52,60.99
SENSOR_4,36.63,2026-05-04T23:39:43.704Z,2026-05-04T23:39:43.704Z,80.38,-43.74999999999999,59.333333333333336,80.38,36.63
SENSOR_4,45.54,2026-05-04T23:41:43.704Z,2026-05-04T23:41:43.704Z,36.63,8.909999999999997,54.18333333333333,80.38,36.63
SENSOR_4,62.65,2026-05-04T23:46:43.704Z,2026-05-04T23:46:43.704Z,45.54,17.11,48.27333333333333,62.65,36.63
SENSOR_4,91.7,2026-05-04T23:47:13.704Z,2026-05-04T23:47:13.704Z,62.65,29.050000000000004,66.63,91.7,45.54
SENSOR_4,23.21,2026-05-04T23:57:13.704Z,2026-05-04T23:57:13.704Z,91.7,-68.49000000000001,59.18666666666667,91.7,23.21
SENSOR_4,55.41,2026-05-05T00:00:43.704Z,2026-05-05T00:00:43.704Z,23.21,32.199999999999996,56.77333333333333,91.7,23.21
SENSOR_4,20.66,2026-05-05T00:03:43.704Z,2026-05-05T00:03:43.704Z,55.41,-34.75,33.093333333333334,55.41,20.66
SENSOR_4,49.26,2026-05-05T00:10:13.704Z,2026-05-05T00:10:13.704Z,20.66,28.599999999999998,41.776666666666664,55.41,20.66
SENSOR_4,58.57,2026-05-05T00:11:13.704Z,2026-05-05T00:11:13.704Z,49.26,9.310000000000002,42.830000000000005,58.57,20.66
SENSOR_4,28.15,2026-05-05T00:16:43.704Z,2026-05-05T00:16:43.704Z,58.57,-30.42,45.32666666666666,58.57,28.15
SENSOR_4,32.84,2026-05-05T00:17:43.704Z,2026-05-05T00:17:43.704Z,28.15,4.690000000000005,39.85333333333333,58.57,28.15
SENSOR_4,38.77,2026-05-05T00:23:13.704Z,2026-05-05T00:23:13.704Z,32.84,5.93,33.25333333333334,38.77,28.15
SENSOR_4,65.42,2026-05-05T00:25:13.704Z,2026-05-05T00:25:13.704Z,38.77,26.65,45.67666666666668,65.42,32.84
SENSOR_4,69.59,2026-05-05T00:26:43.704Z,2026-05-05T00:26:43.704Z,65.42,4.170000000000002,57.92666666666667,69.59,38.77
SENSOR_4,56.63,2026-05-05T00:27:43.704Z,2026-05-05T00:27:43.704Z,69.59,-12.96,63.879999999999995,69.59,56.63
SENSOR_4,47.35,2026-05-05T00:33:13.704Z,2026-05-05T00:33:13.704Z,56.63,-9.280000000000001,57.85666666666666,69.59,47.35
SENSOR_4,35.53,2026-05-05T00:38:43.704Z,2026-05-05T00:38:43.704Z,47.35,-11.82,46.50333333333333,56.63,35.53
SENSOR_4,57.42,2026-05-05T00:41:43.704Z,2026-05-05T00:41:43.704Z,35.53,21.89,46.76666666666667,57.42,35.53
SENSOR_4,86.12,2026-05-05T00:44:13.704Z,2026-05-05T00:44:13.704Z,57.42,28.700000000000003,59.69,86.12,35.53
SENSOR_4,30.37,2026-05-05T00:49:43.704Z,2026-05-05T00:49:43.704Z,86.12,-55.75,57.970000000000006,86.12,30.37
SENSOR_4,54.26,2026-05-05T00:55:43.704Z,2026-05-05T00:55:43.704Z,30.37,23.889999999999997,56.916666666666664,86.12,30.37
SENSOR_4,50.89,2026-05-05T00:56:13.704Z,2026-05-05T00:56:13.704Z,54.26,-3.3699999999999974,45.173333333333325,54.26,30.37
SENSOR_4,37.28,2026-05-05T00:58:13.704Z,2026-05-05T00:58:13.704Z,50.89,-13.61,47.47666666666667,54.26,37.28
SENSOR_4,97.51,2026-05-05T01:02:43.704Z,2026-05-05T01:02:43.704Z,37.28,60.230000000000004,61.89333333333334,97.51,37.28
SENSOR_4,25.18,2026-05-05T01:04:43.704Z,2026-05-05T01:04:43.704Z,97.51,-72.33000000000001,53.323333333333345,97.51,25.18
SENSOR_4,49.73,2026-05-05T01:05:13.704Z,2026-05-05T01:05:13.704Z,25.18,24.549999999999997,57.47333333333333,97.51,25.18
SENSOR_4,79.55,2026-05-05T01:08:13.704Z,2026-05-05T01:08:13.704Z,49.73,29.82,51.48666666666666,79.55,25.18
SENSOR_4,98.18,2026-05-05T01:12:43.704Z,2026-05-05T01:12:43.704Z,79.55,18.63000000000001,75.82000000000001,98.18,49.73
SENSOR_4,36.21,2026-05-05T01:13:13.704Z,2026-05-05T01:13:13.704Z,98.18,-61.970000000000006,71.31333333333335,98.18,36.21
SENSOR_4,87.36,2026-05-05T01:13:43.704Z,2026-05-05T01:13:43.704Z,36.21,51.15,73.91666666666667,98.18,36.21
SENSOR_4,84.39,2026-05-05T01:15:43.704Z,2026-05-05T01:15:43.704Z,87.36,-2.969999999999999,69.32,87.36,36.21
SENSOR_4,36.88,2026-05-05T01:18:43.704Z,2026-05-05T01:18:43.704Z,84.39,-47.51,69.54333333333334,87.36,36.88
SENSOR_4,82.89,2026-05-05T01:22:43.704Z,2026-05-05T01:22:43.704Z,36.88,46.01,68.05333333333334,84.39,36.88
SENSOR_4,93.97,2026-05-05T01:32:43.704Z,2026-05-05T01:32:43.704Z,82.89,11.079999999999998,71.24666666666667,93.97,36.88
SENSOR_4,33.4,2026-05-05T01:33:13.704Z,2026-05-05T01:33:13.704Z,93.97,-60.57,70.08666666666667,93.97,33.4
SENSOR_4,37.74,2026-05-05T01:37:13.704Z,2026-05-05T01:37:13.704Z,33.4,4.340000000000003,55.03666666666667,93.97,33.4
SENSOR_4,67.16,2026-05-05T01:40:43.704Z,2026-05-05T01:40:43.704Z,37.74,29.419999999999995,46.1,67.16,33.4
SENSOR_4,59.9,2026-05-05T01:58:13.704Z,2026-05-05T01:58:13.704Z,67.16,-7.259999999999998,54.93333333333334,67.16,37.74
SENSOR_4,99.45,2026-05-05T01:59:43.704Z,2026-05-05T01:59:43.704Z,59.9,39.550000000000004,75.50333333333333,99.45,59.9
SENSOR_4,33.62,2026-05-05T02:00:13.704Z,2026-05-05T02:00:13.704Z,99.45,-65.83000000000001,64.32333333333334,99.45,33.62
SENSOR_4,87.96,2026-05-05T02:02:13.704Z,2026-05-05T02:02:13.704Z,33.62,54.339999999999996,73.67666666666666,99.45,33.62
SENSOR_4,86.05,2026-05-05T02:04:13.704Z,2026-05-05T02:04:13.704Z,87.96,-1.9099999999999966,69.21,87.96,33.62
SENSOR_4,67.36,2026-05-05T02:08:13.704Z,2026-05-05T02:08:13.704Z,86.05,-18.689999999999998,80.45666666666666,87.96,67.36
SENSOR_4,64.32,2026-05-05T02:09:43.704Z,2026-05-05T02:09:43.704Z,67.36,-3.0400000000000063,72.57666666666667,86.05,64.32
SENSOR_5,59.47,2026-05-04T17:53:43.704Z,2026-05-04T17:53:43.704Z,,,59.47,59.47,59.47
SENSOR_5,92.22,2026-05-04T18:07:13.704Z,2026-05-04T18:07:13.704Z,59.47,32.75,75.845,92.22,59.47
SENSOR_5,55.52,2026-05-04T18:12:43.704Z,2026-05-04T18:12:43.704Z,92.22,-36.699999999999996,69.07000000000001,92.22,55.52
SENSOR_5,62.24,2026-05-04T18:14:13.704Z,2026-05-04T18:14:13.704Z,55.52,6.719999999999999,69.99333333333334,92.22,55.52
SENSOR_5,36.79,2026-05-04T18:15:13.704Z,2026-05-04T18:15:13.704Z,62.24,-25.450000000000003,51.51666666666667,62.24,36.79
SENSOR_5,33.85,2026-05-04T18:15:43.704Z,2026-05-04T18:15:43.704Z,36.79,-2.9399999999999977,44.29333333333333,62.24,33.85
SENSOR_5,83.39,2026-05-04T18:16:13.704Z,2026-05-04T18:16:13.704Z,33.85,49.54,51.343333333333334,83.39,33.85
SENSOR_5,34.93,2026-05-04T18:17:43.704Z,2026-05-04T18:17:43.704Z,83.39,-48.46,50.723333333333336,83.39,33.85
SENSOR_5,34.27,2026-05-04T18:21:43.704Z,2026-05-04T18:21:43.704Z,34.93,-0.6599999999999966,50.86333333333334,83.39,34.27
SENSOR_5,56.81,2026-05-04T18:36:43.704Z,2026-05-04T18:36:43.704Z,34.27,22.54,42.00333333333334,56.81,34.27
SENSOR_5,31.74,2026-05-04T18:44:13.704Z,2026-05-04T18:44:13.704Z,56.81,-25.070000000000004,40.940000000000005,56.81,31.74
SENSOR_5,42.31,2026-05-04T18:51:43.704Z,2026-05-04T18:51:43.704Z,31.74,10.570000000000004,43.620000000000005,56.81,31.74
SENSOR_5,28.02,2026-05-04T18:53:13.704Z,2026-05-04T18:53:13.704Z,42.31,-14.290000000000003,34.02333333333333,42.31,28.02
SENSOR_5,93.26,2026-05-04T19:04:13.704Z,2026-05-04T19:04:13.704Z,28.02,65.24000000000001,54.53,93.26,28.02
SENSOR_5,73.73,2026-05-04T19:04:43.704Z,2026-05-04T19:04:43.704Z,93.26,-19.53,65.00333333333333,93.26,28.02
SENSOR_5,60.17,2026-05-04T19:10:43.704Z,2026-05-04T19:10:43.704Z,73.73,-13.560000000000002,75.72000000000001,93.26,60.17
SENSOR_5,47.0,2026-05-04T19:16:43.704Z,2026-05-04T19:16:43.704Z,60.17,-13.170000000000002,60.300000000000004,73.73,47.0
SENSOR_5,90.44,2026-05-04T19:17:13.704Z,2026-05-04T19:17:13.704Z,47.0,43.44,65.87,90.44,47.0
SENSOR_5,21.62,2026-05-04T19:27:43.704Z,2026-05-04T19:27:43.704Z,90.44,-68.82,53.02,90.44,21.62
SENSOR_5,23.56,2026-05-04T19:38:13.704Z,2026-05-04T19:38:13.704Z,21.62,1.9399999999999977,45.20666666666667,90.44,21.62
SENSOR_5,82.91,2026-05-04T19:45:13.704Z,2026-05-04T19:45:13.704Z,23.56,59.349999999999994,42.696666666666665,82.91,21.62
SENSOR_5,22.76,2026-05-04T19:52:43.704Z,2026-05-04T19:52:43.704Z,82.91,-60.14999999999999,43.07666666666666,82.91,22.76
SENSOR_5,31.08,2026-05-04T20:04:13.704Z,2026-05-04T20:04:13.704Z,22.76,8.319999999999997,45.583333333333336,82.91,22.76
SENSOR_5,54.56,2026-05-04T20:06:13.704Z,2026-05-04T20:06:13.704Z,31.08,23.480000000000004,36.13333333333333,54.56,22.76
SENSOR_5,38.08,2026-05-04T20:11:13.704Z,2026-05-04T20:11:13.704Z,54.56,-16.480000000000004,41.24,54.56,31.08
SENSOR_5,20.87,2026-05-04T20:15:13.704Z,2026-05-04T20:15:13.704Z,38.08,-17.209999999999997,37.836666666666666,54.56,20.87
SENSOR_5,33.03,2026-05-04T20:20:13.704Z,2026-05-04T20:20:13.704Z,20.87,12.16,30.66,38.08,20.87
SENSOR_5,49.54,2026-05-04T20:20:43.704Z,2026-05-04T20:20:43.704Z,33.03,16.509999999999998,34.48,49.54,20.87
SENSOR_5,56.25,2026-05-04T20:25:13.704Z,2026-05-04T20:25:13.704Z,49.54,6.710000000000001,46.27333333333333,56.25,33.03
SENSOR_5,64.15,2026-05-04T20:25:43.704Z,2026-05-04T20:25:43.704Z,56.25,7.900000000000006,56.64666666666667,64.15,49.54
SENSOR_5,56.68,2026-05-04T20:40:13.704Z,2026-05-04T20:40:13.704Z,64.15,-7.470000000000006,59.02666666666667,64.15,56.25
SENSOR_5,54.6,2026-05-04T20:41:43.704Z,2026-05-04T20:41:43.704Z,56.68,-2.0799999999999983,58.47666666666667,64.15,54.6
SENSOR_5,85.68,2026-05-04T21:19:13.704Z,2026-05-04T21:19:13.704Z,54.6,31.080000000000005,65.65333333333334,85.68,54.6
SENSOR_5,29.22,2026-05-04T21:22:13.704Z,2026-05-04T21:22:13.704Z,85.68,-56.46000000000001,56.5,85.68,29.22
SENSOR_5,86.3,2026-05-04T21:23:13.704Z,2026-05-04T21:23:13.704Z,29.22,57.08,67.06666666666666,86.3,29.22
SENSOR_5,99.87,2026-05-04T21:26:13.704Z,2026-05-04T21:26:13.704Z,86.3,13.570000000000007,71.79666666666667,99.87,29.22
SENSOR_5,82.22,2026-05-04T21:27:13.704Z,2026-05-04T21:27:13.704Z,99.87,-17.650000000000006,89.46333333333332,99.87,82.22
SENSOR_5,43.86,2026-05-04T21:27:43.704Z,2026-05-04T21:27:43.704Z,82.22,-38.36,75.31666666666666,99.87,43.86
SENSOR_5,97.62,2026-05-04T21:35:43.704Z,2026-05-04T21:35:43.704Z,43.86,53.760000000000005,74.56666666666666,97.62,43.86
SENSOR_5,58.85,2026-05-04T21:40:13.704Z,2026-05-04T21:40:13.704Z,97.62,-38.77,66.77666666666667,97.62,43.86
SENSOR_5,59.97,2026-05-04T21:54:13.704Z,2026-05-04T21:54:13.704Z,58.85,1.1199999999999974,72.14666666666666,97.62,58.85
SENSOR_5,71.78,2026-05-04T21:55:43.704Z,2026-05-04T21:55:43.704Z,59.97,11.810000000000002,63.53333333333333,71.78,58.85
SENSOR_5,27.12,2026-05-04T21:58:13.704Z,2026-05-04T21:58:13.704Z,71.78,-44.66,52.95666666666667,71.78,27.12
SENSOR_5,69.29,2026-05-04T22:03:43.704Z,2026-05-04T22:03:43.704Z,27.12,42.17,56.06333333333333,71.78,27.12
SENSOR_5,26.3,2026-05-04T22:11:13.704Z,2026-05-04T22:11:13.704Z,69.29,-42.99000000000001,40.903333333333336,69.29,26.3
SENSOR_5,49.52,2026-05-04T22:20:43.704Z,2026-05-04T22:20:43.704Z,26.3,23.220000000000002,48.370000000000005,69.29,26.3
SENSOR_5,62.41,2026-05-04T22:22:13.704Z,2026-05-04T22:22:13.704Z,49.52,12.889999999999993,46.076666666666675,62.41,26.3
SENSOR_5,85.04,2026-05-04T22:33:13.704Z,2026-05-04T22:33:13.704Z,62.41,22.63000000000001,65.65666666666668,85.04,49.52
SENSOR_5,20.62,2026-05-04T22:33:43.704Z,2026-05-04T22:33:43.704Z,85.04,-64.42,56.02333333333333,85.04,20.62
SENSOR_5,24.34,2026-05-04T22:37:13.704Z,2026-05-04T22:37:13.704Z,20.62,3.719999999999999,43.333333333333336,85.04,20.62
SENSOR_5,50.1,2026-05-04T22:41:43.704Z,2026-05-04T22:41:43.704Z,24.34,25.76,31.686666666666667,50.1,20.62
SENSOR_5,68.36,2026-05-04T22:44:43.704Z,2026-05-04T22:44:43.704Z,50.1,18.259999999999998,47.6,68.36,24.34
SENSOR_5,33.24,2026-05-04T22:50:43.704Z,2026-05-04T22:50:43.704Z,68.36,-35.12,50.56666666666667,68.36,33.24
SENSOR_5,81.27,2026-05-04T22:51:43.704Z,2026-05-04T22:51:43.704Z,33.24,48.029999999999994,60.95666666666667,81.27,33.24
SENSOR_5,98.66,2026-05-04T22:54:43.704Z,2026-05-04T22:54:43.704Z,81.27,17.39,71.05666666666666,98.66,33.24
SENSOR_5,69.0,2026-05-04T22:57:13.704Z,2026-05-04T22:57:13.704Z,98.66,-29.659999999999997,82.97666666666667,98.66,69.0
SENSOR_5,36.56,2026-05-04T22:59:43.704Z,2026-05-04T22:59:43.704Z,69.0,-32.44,68.07333333333334,98.66,36.56
SENSOR_5,27.98,2026-05-04T23:17:43.704Z,2026-05-04T23:17:43.704Z,36.56,-8.580000000000002,44.51333333333333,69.0,27.98
SENSOR_5,84.74,2026-05-04T23:18:13.704Z,2026-05-04T23:18:13.704Z,27.98,56.75999999999999,49.76,84.74,27.98
SENSOR_5,71.32,2026-05-04T23:23:13.704Z,2026-05-04T23:23:13.704Z,84.74,-13.420000000000002,61.346666666666664,84.74,27.98
SENSOR_5,94.94,2026-05-04T23:25:13.704Z,2026-05-04T23:25:13.704Z,71.32,23.620000000000005,83.66666666666667,94.94,71.32
SENSOR_5,60.16,2026-05-04T23:34:43.704Z,2026-05-04T23:34:43.704Z,94.94,-34.78,75.47333333333333,94.94,60.16
SENSOR_5,26.74,2026-05-04T23:37:43.704Z,2026-05-04T23:37:43.704Z,60.16,-33.42,60.61333333333334,94.94,26.74
SENSOR_5,65.08,2026-05-04T23:41:13.704Z,2026-05-04T23:41:13.704Z,26.74,38.34,50.66,65.08,26.74
SENSOR_5,91.99,2026-05-04T23:48:13.704Z,2026-05-04T23:48:13.704Z,65.08,26.909999999999997,61.27,91.99,26.74
SENSOR_5,63.18,2026-05-04T23:48:43.704Z,2026-05-04T23:48:43.704Z,91.99,-28.809999999999995,73.41666666666667,91.99,63.18
SENSOR_5,42.58,2026-05-04T23:49:43.704Z,2026-05-04T23:49:43.704Z,63.18,-20.6,65.91666666666667,91.99,42.58
SENSOR_5,67.47,2026-05-04T23:56:13.704Z,2026-05-04T23:56:13.704Z,42.58,24.89,57.74333333333333,67.47,42.58
SENSOR_5,85.39,2026-05-05T00:00:13.704Z,2026-05-05T00:00:13.704Z,67.47,17.92,65.14666666666666,85.39,42.58
SENSOR_5,94.19,2026-05-05T00:02:43.704Z,2026-05-05T00:02:43.704Z,85.39,8.799999999999997,82.35000000000001,94.19,67.47
SENSOR_5,37.9,2026-05-05T00:05:13.704Z,2026-05-05T00:05:13.704Z,94.19,-56.29,72.49333333333333,94.19,37.9
SENSOR_5,34.76,2026-05-05T00:07:43.704Z,2026-05-05T00:07:43.704Z,37.9,-3.1400000000000006,55.61666666666667,94.19,34.76
SENSOR_5,21.2,2026-05-05T00:12:13.704Z,2026-05-05T00:12:13.704Z,34.76,-13.559999999999999,31.286666666666665,37.9,21.2
SENSOR_5,30.68,2026-05-05T00:14:43.704Z,2026-05-05T00:14:43.704Z,21.2,9.48,28.879999999999995,34.76,21.2
SENSOR_5,74.7,2026-05-05T00:28:13.704Z,2026-05-05T00:28:13.704Z,30.68,44.02,42.193333333333335,74.7,21.2
SENSOR_5,41.11,2026-05-05T00:36:43.704Z,2026-05-05T00:36:43.704Z,74.7,-33.59,48.830000000000005,74.7,30.68
SENSOR_5,71.4,2026-05-05T00:42:43.704Z,2026-05-05T00:42:43.704Z,41.11,30.290000000000006,62.403333333333336,74.7,41.11
SENSOR_5,63.94,2026-05-05T00:48:13.704Z,2026-05-05T00:48:13.704Z,71.4,-7.460000000000008,58.81666666666666,71.4,41.11
SENSOR_5,79.81,2026-05-05T00:53:43.704Z,2026-05-05T00:53:43.704Z,63.94,15.870000000000005,71.71666666666667,79.81,63.94
SENSOR_5,81.66,2026-05-05T00:55:13.704Z,2026-05-05T00:55:13.704Z,79.81,1.8499999999999943,75.13666666666667,81.66,63.94
SENSOR_5,97.52,2026-05-05T00:57:13.704Z,2026-05-05T00:57:13.704Z,81.66,15.86,86.33,97.52,79.81
SENSOR_5,93.6,2026-05-05T01:03:13.704Z,2026-05-05T01:03:13.704Z,97.52,-3.9200000000000017,90.92666666666666,97.52,81.66
SENSOR_5,53.96,2026-05-05T01:03:43.704Z,2026-05-05T01:03:43.704Z,93.6,-39.63999999999999,81.69333333333334,97.52,53.96
SENSOR_5,70.74,2026-05-05T01:08:43.704Z,2026-05-05T01:08:43.704Z,53.96,16.779999999999994,72.76666666666667,93.6,53.96
SENSOR_5,86.51,2026-05-05T01:10:13.704Z,2026-05-05T01:10:13.704Z,70.74,15.77000000000001,70.40333333333332,86.51,53.96
SENSOR_5,99.57,2026-05-05T01:12:13.704Z,2026-05-05T01:12:13.704Z,86.51,13.059999999999988,85.60666666666667,99.57,70.74
SENSOR_5,58.02,2026-05-05T01:14:13.704Z,2026-05-05T01:14:13.704Z,99.57,-41.54999999999999,81.36666666666666,99.57,58.02
SENSOR_5,61.85,2026-05-05T01:35:13.704Z,2026-05-05T01:35:13.704Z,58.02,3.8299999999999983,73.14666666666666,99.57,58.02
SENSOR_5,47.6,2026-05-05T01:49:13.704Z,2026-05-05T01:49:13.704Z,61.85,-14.25,55.82333333333333,61.85,47.6
SENSOR_5,31.14,2026-05-05T01:58:43.704Z,2026-05-05T01:58:43.704Z,47.6,-16.46,46.86333333333334,61.85,31.14
SENSOR_6,43.51,2026-05-04T18:09:13.704Z,2026-05-04T18:09:13.704Z,,,43.51,43.51,43.51
SENSOR_6,93.6,2026-05-04T18:12:13.704Z,2026-05-04T18:12:13.704Z,43.51,50.089999999999996,68.55499999999999,93.6,43.51
SENSOR_6,79.71,2026-05-04T18:17:13.704Z,2026-05-04T18:17:13.704Z,93.6,-13.89,72.27333333333333,93.6,43.51
SENSOR_6,43.32,2026-05-04T18:21:13.704Z,2026-05-04T18:21:13.704Z,79.71,-36.38999999999999,72.21,93.6,43.32
SENSOR_6,32.12,2026-05-04T18:27:43.704Z,2026-05-04T18:27:43.704Z,43.32,-11.200000000000003,51.71666666666667,79.71,32.12
SENSOR_6,79.17,2026-05-04T18:29:43.704Z,2026-05-04T18:29:43.704Z,32.12,47.050000000000004,51.53666666666667,79.17,32.12
SENSOR_6,53.95,2026-05-04T18:33:43.704Z,2026-05-04T18:33:43.704Z,79.17,-25.22,55.080000000000005,79.17,32.12
SENSOR_6,23.69,2026-05-04T18:34:13.704Z,2026-05-04T18:34:13.704Z,53.95,-30.26,52.27,79.17,23.69
SENSOR_6,88.6,2026-05-04T18:35:13.704Z,2026-05-04T18:35:13.704Z,23.69,64.91,55.413333333333334,88.6,23.69
SENSOR_6,57.48,2026-05-04T18:36:13.704Z,2026-05-04T18:36:13.704Z,88.6,-31.119999999999997,56.589999999999996,88.6,23.69
SENSOR_6,62.55,2026-05-04T18:52:13.704Z,2026-05-04T18:52:13.704Z,57.48,5.07,69.54333333333334,88.6,57.48
SENSOR_6,94.42,2026-05-04T18:54:43.704Z,2026-05-04T18:54:43.704Z,62.55,31.870000000000005,71.48333333333333,94.42,57.48
SENSOR_6,96.5,2026-05-04T18:59:43.704Z,2026-05-04T18:59:43.704Z,94.42,2.0799999999999983,84.49,96.5,62.55
SENSOR_6,31.27,2026-05-04T19:05:13.704Z,2026-05-04T19:05:13.704Z,96.5,-65.23,74.06333333333335,96.5,31.27
SENSOR_6,35.62,2026-05-04T19:18:13.704Z,2026-05-04T19:18:13.704Z,31.27,4.349999999999998,54.46333333333333,96.5,31.27
SENSOR_6,70.61,2026-05-04T19:22:43.704Z,2026-05-04T19:22:43.704Z,35.62,34.99,45.833333333333336,70.61,31.27
SENSOR_6,33.2,2026-05-04T19:32:13.704Z,2026-05-04T19:32:13.704Z,70.61,-37.41,46.47666666666667,70.61,33.2
SENSOR_6,47.92,2026-05-04T19:40:43.704Z,2026-05-04T19:40:43.704Z,33.2,14.719999999999999,50.576666666666675,70.61,33.2
SENSOR_6,37.54,2026-05-04T19:41:13.704Z,2026-05-04T19:41:13.704Z,47.92,-10.380000000000003,39.553333333333335,47.92,33.2
SENSOR_6,98.43,2026-05-04T19:50:43.704Z,2026-05-04T19:50:43.704Z,37.54,60.89000000000001,61.296666666666674,98.43,37.54
SENSOR_6,57.42,2026-05-04T19:51:13.704Z,2026-05-04T19:51:13.704Z,98.43,-41.010000000000005,64.46333333333332,98.43,37.54
SENSOR_6,41.57,2026-05-04T19:55:13.704Z,2026-05-04T19:55:13.704Z,57.42,-15.850000000000001,65.80666666666667,98.43,41.57
SENSOR_6,66.56,2026-05-04T19:57:13.704Z,2026-05-04T19:57:13.704Z,41.57,24.990000000000002,55.18333333333334,66.56,41.57
SENSOR_6,61.25,2026-05-04T19:58:43.704Z,2026-05-04T19:58:43.704Z,66.56,-5.310000000000002,56.46,66.56,41.57
SENSOR_6,94.81,2026-05-04T20:00:13.704Z,2026-05-04T20:00:13.704Z,61.25,33.56,74.20666666666666,94.81,61.25
SENSOR_6,81.27,2026-05-04T20:10:13.704Z,2026-05-04T20:10:13.704Z,94.81,-13.540000000000006,79.11,94.81,61.25
SENSOR_6,52.51,2026-05-04T20:15:43.704Z,2026-05-04T20:15:43.704Z,81.27,-28.759999999999998,76.19666666666666,94.81,52.51
SENSOR_6,96.36,2026-05-04T20:27:13.704Z,2026-05-04T20:27:13.704Z,52.51,43.85,76.71333333333332,96.36,52.51
SENSOR_6,83.51,2026-05-04T20:30:13.704Z,2026-05-04T20:30:13.704Z,96.36,-12.849999999999994,77.46,96.36,52.51
SENSOR_6,20.36,2026-05-04T20:31:43.704Z,2026-05-04T20:31:43.704Z,83.51,-63.150000000000006,66.74333333333334,96.36,20.36
SENSOR_6,35.04,2026-05-04T20:39:43.704Z,2026-05-04T20:39:43.704Z,20.36,14.68,46.303333333333335,83.51,20.36
SENSOR_6,78.83,2026-05-04T20:41:13.704Z,2026-05-04T20:41:13.704Z,35.04,43.79,44.74333333333333,78.83,20.36
SENSOR_6,64.5,2026-05-04T20:42:13.704Z,2026-05-04T20:42:13.704Z,78.83,-14.329999999999998,59.45666666666667,78.83,35.04
SENSOR_6,75.8,2026-05-04T20:44:13.704Z,2026-05-04T20:44:13.704Z,64.5,11.299999999999997,73.04333333333334,78.83,64.5
SENSOR_6,78.9,2026-05-04T20:52:43.704Z,2026-05-04T20:52:43.704Z,75.8,3.1000000000000085,73.06666666666668,78.9,64.5
SENSOR_6,58.55,2026-05-04T20:54:13.704Z,2026-05-04T20:54:13.704Z,78.9,-20.35000000000001,71.08333333333333,78.9,58.55
SENSOR_6,32.5,2026-05-04T20:57:13.704Z,2026-05-04T20:57:13.704Z,58.55,-26.049999999999997,56.65,78.9,32.5
SENSOR_6,66.12,2026-05-04T20:58:13.704Z,2026-05-04T20:58:13.704Z,32.5,33.620000000000005,52.39000000000001,66.12,32.5
SENSOR_6,31.71,2026-05-04T21:02:43.704Z,2026-05-04T21:02:43.704Z,66.12,-34.410000000000004,43.443333333333335,66.12,31.71
SENSOR_6,33.93,2026-05-04T21:04:43.704Z,2026-05-04T21:04:43.704Z,31.71,2.219999999999999,43.92000000000001,66.12,31.71
SENSOR_6,41.17,2026-05-04T21:14:13.704Z,2026-05-04T21:14:13.704Z,33.93,7.240000000000002,35.60333333333333,41.17,31.71
SENSOR_6,59.31,2026-05-04T21:28:13.704Z,2026-05-04T21:28:13.704Z,41.17,18.14,44.803333333333335,59.31,33.93
SENSOR_6,49.64,2026-05-04T21:29:13.704Z,2026-05-04T21:29:13.704Z,59.31,-9.670000000000002,50.04,59.31,41.17
SENSOR_6,40.99,2026-05-04T21:38:13.704Z,2026-05-04T21:38:13.704Z,49.64,-8.649999999999999,49.98,59.31,40.99
SENSOR_6,76.91,2026-05-04T21:41:13.704Z,2026-05-04T21:41:13.704Z,40.99,35.919999999999995,55.846666666666664,76.91,40.99
SENSOR_6,59.62,2026-05-04T21:44:43.704Z,2026-05-04T21:44:43.704Z,76.91,-17.29,59.17333333333334,76.91,40.99
SENSOR_6,39.78,2026-05-04T21:52:13.704Z,2026-05-04T21:52:13.704Z,59.62,-19.839999999999996,58.77,76.91,39.78
SENSOR_6,72.85,2026-05-04T21:56:13.704Z,2026-05-04T21:56:13.704Z,39.78,33.06999999999999,57.416666666666664,72.85,39.78
SENSOR_6,87.22,2026-05-04T22:12:13.704Z,2026-05-04T22:12:13.704Z,72.85,14.370000000000005,66.61666666666666,87.22,39.78
SENSOR_6,27.24,2026-05-04T22:20:13.704Z,2026-05-04T22:20:13.704Z,87.22,-59.980000000000004,62.43666666666667,87.22,27.24
SENSOR_6,20.62,2026-05-04T22:21:13.704Z,2026-05-04T22:21:13.704Z,27.24,-6.619999999999997,45.026666666666664,87.22,20.62
SENSOR_6,94.23,2026-05-04T22:31:43.704Z,2026-05-04T22:31:43.704Z,20.62,73.61,47.36333333333334,94.23,20.62
SENSOR_6,49.45,2026-05-04T22:37:43.704Z,2026-05-04T22:37:43.704Z,94.23,-44.78,54.76666666666667,94.23,20.62
SENSOR_6,43.52,2026-05-04T22:38:13.704Z,2026-05-04T22:38:13.704Z,49.45,-5.93,62.400000000000006,94.23,43.52
SENSOR_6,74.41,2026-05-04T22:45:43.704Z,2026-05-04T22:45:43.704Z,43.52,30.889999999999993,55.79333333333333,74.41,43.52
SENSOR_6,90.1,2026-05-04T22:47:43.704Z,2026-05-04T22:47:43.704Z,74.41,15.689999999999998,69.34333333333333,90.1,43.52
SENSOR_6,37.0,2026-05-04T22:48:13.704Z,2026-05-04T22:48:13.704Z,90.1,-53.099999999999994,67.17,90.1,37.0
SENSOR_6,85.81,2026-05-04T23:11:43.704Z,2026-05-04T23:11:43.704Z,37.0,48.81,70.97,90.1,37.0
SENSOR_6,59.71,2026-05-04T23:16:43.704Z,2026-05-04T23:16:43.704Z,85.81,-26.1,60.84,85.81,37.0
SENSOR_6,43.56,2026-05-04T23:21:13.704Z,2026-05-04T23:21:13.704Z,59.71,-16.15,63.02666666666667,85.81,43.56
SENSOR_6,21.78,2026-05-04T23:32:43.704Z,2026-05-04T23:32:43.704Z,43.56,-21.78,41.68333333333334,59.71,21.78
SENSOR_6,51.23,2026-05-04T23:36:13.704Z,2026-05-04T23:36:13.704Z,21.78,29.449999999999996,38.85666666666666,51.23,21.78
SENSOR_6,30.01,2026-05-04T23:39:13.704Z,2026-05-04T23:39:13.704Z,51.23,-21.219999999999995,34.339999999999996,51.23,21.78
SENSOR_6,51.06,2026-05-04T23:43:13.704Z,2026-05-04T23:43:13.704Z,30.01,21.05,44.1,51.23,30.01
SENSOR_6,67.82,2026-05-04T23:50:13.704Z,2026-05-04T23:50:13.704Z,51.06,16.75999999999999,49.629999999999995,67.82,30.01
SENSOR_6,35.56,2026-05-04T23:51:13.704Z,2026-05-04T23:51:13.704Z,67.82,-32.25999999999999,51.48,67.82,35.56
SENSOR_6,61.09,2026-05-04T23:53:43.704Z,2026-05-04T23:53:43.704Z,35.56,25.53,54.82333333333333,67.82,35.56
SENSOR_6,34.28,2026-05-04T23:59:13.704Z,2026-05-04T23:59:13.704Z,61.09,-26.810000000000002,43.64333333333334,61.09,34.28
SENSOR_6,23.67,2026-05-05T00:01:43.704Z,2026-05-05T00:01:43.704Z,34.28,-10.61,39.68,61.09,23.67
SENSOR_6,57.88,2026-05-05T00:02:13.704Z,2026-05-05T00:02:13.704Z,23.67,34.21,38.61000000000001,57.88,23.67
SENSOR_6,87.09,2026-05-05T00:20:13.704Z,2026-05-05T00:20:13.704Z,57.88,29.21,56.21333333333334,87.09,23.67
SENSOR_6,23.47,2026-05-05T00:23:43.704Z,2026-05-05T00:23:43.704Z,87.09,-63.620000000000005,56.14666666666667,87.09,23.47
SENSOR_6,66.15,2026-05-05T00:24:13.704Z,2026-05-05T00:24:13.704Z,23.47,42.68000000000001,58.903333333333336,87.09,23.47
SENSOR_6,74.58,2026-05-05T00:25:43.704Z,2026-05-05T00:25:43.704Z,66.15,8.429999999999993,54.73333333333333,74.58,23.47
SENSOR_6,32.53,2026-05-05T00:41:13.704Z,2026-05-05T00:41:13.704Z,74.58,-42.05,57.75333333333334,74.58,32.53
SENSOR_6,64.35,2026-05-05T00:46:13.704Z,2026-05-05T00:46:13.704Z,32.53,31.819999999999993,57.15333333333333,74.58,32.53
SENSOR_6,59.49,2026-05-05T00:51:13.704Z,2026-05-05T00:51:13.704Z,64.35,-4.859999999999992,52.123333333333335,64.35,32.53
SENSOR_6,31.23,2026-05-05T00:54:43.704Z,2026-05-05T00:54:43.704Z,59.49,-28.26,51.69,64.35,31.23
SENSOR_6,61.14,2026-05-05T00:58:43.704Z,2026-05-05T00:58:43.704Z,31.23,29.91,50.620000000000005,61.14,31.23
SENSOR_6,85.39,2026-05-05T01:02:13.704Z,2026-05-05T01:02:13.704Z,61.14,24.25,59.25333333333333,85.39,31.23
SENSOR_6,25.75,2026-05-05T01:06:13.704Z,2026-05-05T01:06:13.704Z,85.39,-59.64,57.42666666666667,85.39,25.75
SENSOR_6,61.4,2026-05-05T01:06:43.704Z,2026-05-05T01:06:43.704Z,25.75,35.65,57.51333333333333,85.39,25.75
SENSOR_6,79.71,2026-05-05T01:18:13.704Z,2026-05-05T01:18:13.704Z,61.4,18.309999999999995,55.620000000000005,79.71,25.75
SENSOR_6,25.44,2026-05-05T01:20:13.704Z,2026-05-05T01:20:13.704Z,79.71,-54.269999999999996,55.51666666666666,79.71,25.44
SENSOR_6,23.17,2026-05-05T01:20:43.704Z,2026-05-05T01:20:43.704Z,25.44,-2.2699999999999996,42.77333333333333,79.71,23.17
SENSOR_6,42.59,2026-05-05T01:21:43.704Z,2026-05-05T01:21:43.704Z,23.17,19.42,30.400000000000002,42.59,23.17
SENSOR_6,84.77,2026-05-05T01:30:13.704Z,2026-05-05T01:30:13.704Z,42.59,42.17999999999999,50.17666666666667,84.77,23.17
SENSOR_6,56.31,2026-05-05T01:36:43.704Z,2026-05-05T01:36:43.704Z,84.77,-28.459999999999994,61.223333333333336,84.77,42.59
SENSOR_6,96.02,2026-05-05T01:37:43.704Z,2026-05-05T01:37:43.704Z,56.31,39.709999999999994,79.03333333333332,96.02,56.31
SENSOR_6,39.78,2026-05-05T01:44:13.704Z,2026-05-05T01:44:13.704Z,96.02,-56.239999999999995,64.03666666666666,96.02,39.78
SENSOR_6,77.24,2026-05-05T01:47:13.704Z,2026-05-05T01:47:13.704Z,39.78,37.459999999999994,71.01333333333334,96.02,39.78
SENSOR_6,60.19,2026-05-05T01:56:13.704Z,2026-05-05T01:56:13.704Z,77.24,-17.049999999999997,59.06999999999999,77.24,39.78
SENSOR_6,22.36,2026-05-05T01:57:43.704Z,2026-05-05T01:57:43.704Z,60.19,-37.83,53.26333333333334,77.24,22.36
SENSOR_6,77.26,2026-05-05T02:02:43.704Z,2026-05-05T02:02:43.704Z,22.36,54.900000000000006,53.27,77.26,22.36
SENSOR_7,47.79,2026-05-04T17:53:13.704Z,2026-05-04T17:53:13.704Z,,,47.79,47.79,47.79
SENSOR_7,75.79,2026-05-04T17:55:43.704Z,2026-05-04T17:55:43.704Z,47.79,28.000000000000007,61.790000000000006,75.79,47.79
SENSOR_7,25.26,2026-05-04T17:57:43.704Z,2026-05-04T17:57:43.704Z,75.79,-50.53,49.61333333333334,75.79,25.26
SENSOR_7,31.8,2026-05-04T18:14:43.704Z,2026-05-04T18:14:43.704Z,25.26,6.539999999999999,44.28333333333334,75.79,25.26
SENSOR_7,64.56,2026-05-04T18:19:43.704Z,2026-05-04T18:19:43.704Z,31.8,32.760000000000005,40.54,64.56,25.26
SENSOR_7,56.03,2026-05-04T18:25:13.704Z,2026-05-04T18:25:13.704Z,64.56,-8.530000000000001,50.79666666666666,64.56,31.8
SENSOR_7,80.55,2026-05-04T18:29:13.704Z,2026-05-04T18:29:13.704Z,56.03,24.519999999999996,67.04666666666667,80.55,56.03
SENSOR_7,47.64,2026-05-04T18:30:13.704Z,2026-05-04T18:30:13.704Z,80.55,-32.91,61.40666666666666,80.55,47.64
SENSOR_7,29.42,2026-05-04T18:31:13.704Z,2026-05-04T18:31:13.704Z,47.64,-18.22,52.53666666666667,80.55,29.42
SENSOR_7,32.64,2026-05-04T18:32:13.704Z,2026-05-04T18:32:13.704Z,29.42,3.219999999999999,36.56666666666667,47.64,29.42
SENSOR_7,24.91,2026-05-04T18:37:43.704Z,2026-05-04T18:37:43.704Z,32.64,-7.73,28.99,32.64,24.91
SENSOR_7,56.2,2026-05-04T18:42:13.704Z,2026-05-04T18:42:13.704Z,24.91,31.290000000000003,37.916666666666664,56.2,24.91
SENSOR_7,70.33,2026-05-04T18:50:43.704Z,2026-05-04T18:50:43.704Z,56.2,14.129999999999995,50.48,70.33,24.91
SENSOR_7,89.75,2026-05-04T18:52:43.704Z,2026-05-04T18:52:43.704Z,70.33,19.42,72.09333333333333,89.75,56.2
SENSOR_7,22.35,2026-05-04T19:06:43.704Z,2026-05-04T19:06:43.704Z,89.75,-67.4,60.809999999999995,89.75,22.35
SENSOR_7,55.78,2026-05-04T19:07:13.704Z,2026-05-04T19:07:13.704Z,22.35,33.43,55.96,89.75,22.35
SENSOR_7,62.03,2026-05-04T19:12:43.704Z,2026-05-04T19:12:43.704Z,55.78,6.25,46.72,62.03,22.35
SENSOR_7,83.73,2026-05-04T19:31:43.704Z,2026-05-04T19:31:43.704Z,62.03,21.700000000000003,67.18,83.73,55.78
SENSOR_7,30.08,2026-05-04T19:37:43.704Z,2026-05-04T19:37:43.704Z,83.73,-53.650000000000006,58.61333333333332,83.73,30.08
SENSOR_7,30.38,2026-05-04T19:49:43.704Z,2026-05-04T19:49:43.704Z,30.08,0.3000000000000007,48.06333333333333,83.73,30.08
SENSOR_7,72.34,2026-05-04T19:54:13.704Z,2026-05-04T19:54:13.704Z,30.38,41.96000000000001,44.26666666666667,72.34,30.08
SENSOR_7,78.87,2026-05-04T20:08:43.704Z,2026-05-04T20:08:43.704Z,72.34,6.530000000000001,60.53,78.87,30.38
SENSOR_7,33.76,2026-05-04T20:13:13.704Z,2026-05-04T20:13:13.704Z,78.87,-45.11000000000001,61.656666666666666,78.87,33.76
SENSOR_7,45.98,2026-05-04T20:21:43.704Z,2026-05-04T20:21:43.704Z,33.76,12.219999999999999,52.87,78.87,33.76
SENSOR_7,22.04,2026-05-04T20:24:43.704Z,2026-05-04T20:24:43.704Z,45.98,-23.939999999999998,33.92666666666667,45.98,22.04
SENSOR_7,56.83,2026-05-04T20:28:43.704Z,2026-05-04T20:28:43.704Z,22.04,34.79,41.61666666666667,56.83,22.04
SENSOR_7,58.37,2026-05-04T20:30:43.704Z,2026-05-04T20:30:43.704Z,56.83,1.5399999999999991,45.74666666666667,58.37,22.04
SENSOR_7,78.92,2026-05-04T20:33:13.704Z,2026-05-04T20:33:13.704Z,58.37,20.550000000000004,64.70666666666666,78.92,56.83
SENSOR_7,93.72,2026-05-04T20:36:13.704Z,2026-05-04T20:36:13.704Z,78.92,14.799999999999997,77.00333333333333,93.72,58.37
SENSOR_7,63.17,2026-05-04T20:39:13.704Z,2026-05-04T20:39:13.704Z,93.72,-30.549999999999997,78.60333333333334,93.72,63.17
SENSOR_7,57.34,2026-05-04T20:40:43.704Z,2026-05-04T20:40:43.704Z,63.17,-5.829999999999998,71.41,93.72,57.34
SENSOR_7,64.34,2026-05-04T20:47:13.704Z,2026-05-04T20:47:13.704Z,57.34,7.0,61.616666666666674,64.34,57.34
SENSOR_7,79.75,2026-05-04T20:59:43.704Z,2026-05-04T20:59:43.704Z,64.34,15.409999999999997,67.14333333333333,79.75,57.34
SENSOR_7,57.01,2026-05-04T21:00:43.704Z,2026-05-04T21:00:43.704Z,79.75,-22.740000000000002,67.03333333333333,79.75,57.01
SENSOR_7,67.46,2026-05-04T21:03:13.704Z,2026-05-04T21:03:13.704Z,57.01,10.449999999999996,68.07333333333332,79.75,57.01
SENSOR_7,87.29,2026-05-04T21:05:43.704Z,2026-05-04T21:05:43.704Z,67.46,19.830000000000013,70.58666666666666,87.29,57.01
SENSOR_7,62.92,2026-05-04T21:06:43.704Z,2026-05-04T21:06:43.704Z,87.29,-24.370000000000005,72.55666666666667,87.29,62.92
SENSOR_7,31.31,2026-05-04T21:09:13.704Z,2026-05-04T21:09:13.704Z,62.92,-31.610000000000003,60.50666666666667,87.29,31.31
SENSOR_7,44.01,2026-05-04T21:12:13.704Z,2026-05-04T21:12:13.704Z,31.31,12.7,46.080000000000005,62.92,31.31
SENSOR_7,58.52,2026-05-04T21:25:13.704Z,2026-05-04T21:25:13.704Z,44.01,14.510000000000005,44.61333333333334,58.52,31.31
SENSOR_7,28.47,2026-05-04T21:33:13.704Z,2026-05-04T21:33:13.704Z,58.52,-30.050000000000004,43.666666666666664,58.52,28.47
SENSOR_7,97.4,2026-05-04T21:33:43.704Z,2026-05-04T21:33:43.704Z,28.47,68.93,61.46333333333334,97.4,28.47
SENSOR_7,68.54,2026-05-04T21:36:43.704Z,2026-05-04T21:36:43.704Z,97.4,-28.86,64.80333333333334,97.4,28.47
SENSOR_7,69.35,2026-05-04T21:53:13.704Z,2026-05-04T21:53:13.704Z,68.54,0.8099999999999881,78.42999999999999,97.4,68.54
SENSOR_7,83.62,2026-05-04T22:00:13.704Z,2026-05-04T22:00:13.704Z,69.35,14.27000000000001,73.83666666666666,83.62,68.54
SENSOR_7,63.3,2026-05-04T22:01:13.704Z,2026-05-04T22:01:13.704Z,83.62,-20.320000000000007,72.08999999999999,83.62,63.3
SENSOR_7,30.32,2026-05-04T22:02:13.704Z,2026-05-04T22:02:13.704Z,63.3,-32.98,59.080000000000005,83.62,30.32
SENSOR_7,31.44,2026-05-04T22:03:13.704Z,2026-05-04T22:03:13.704Z,30.32,1.120000000000001,41.68666666666667,63.3,30.32
SENSOR_7,98.88,2026-05-04T22:05:43.704Z,2026-05-04T22:05:43.704Z,31.44,67.44,53.54666666666666,98.88,30.32
SENSOR_7,76.19,2026-05-04T22:26:13.704Z,2026-05-04T22:26:13.704Z,98.88,-22.689999999999998,68.83666666666666,98.88,31.44
SENSOR_7,82.93,2026-05-04T22:35:13.704Z,2026-05-04T22:35:13.704Z,76.19,6.740000000000009,86.0,98.88,76.19
SENSOR_7,31.36,2026-05-04T22:39:43.704Z,2026-05-04T22:39:43.704Z,82.93,-51.57000000000001,63.49333333333334,82.93,31.36
SENSOR_7,35.0,2026-05-04T22:43:43.704Z,2026-05-04T22:43:43.704Z,31.36,3.6400000000000006,49.76333333333334,82.93,31.36
SENSOR_7,33.0,2026-05-04T22:50:13.704Z,2026-05-04T22:50:13.704Z,35.0,-2.0,33.12,35.0,31.36
SENSOR_7,58.32,2026-05-04T22:53:13.704Z,2026-05-04T22:53:13.704Z,33.0,25.32,42.10666666666666,58.32,33.0
SENSOR_7,92.38,2026-05-04T23:03:13.704Z,2026-05-04T23:03:13.704Z,58.32,34.059999999999995,61.23333333333333,92.38,33.0
SENSOR_7,76.8,2026-05-04T23:09:13.704Z,2026-05-04T23:09:13.704Z,92.38,-15.579999999999998,75.83333333333333,92.38,58.32
SENSOR_7,53.46,2026-05-04T23:11:13.704Z,2026-05-04T23:11:13.704Z,76.8,-23.339999999999996,74.21333333333334,92.38,53.46
SENSOR_7,65.58,2026-05-04T23:12:13.704Z,2026-05-04T23:12:13.704Z,53.46,12.119999999999997,65.27999999999999,76.8,53.46
SENSOR_7,41.13,2026-05-04T23:15:13.704Z,2026-05-04T23:15:13.704Z,65.58,-24.449999999999996,53.38999999999999,65.58,41.13
SENSOR_7,61.8,2026-05-04T23:20:43.704Z,2026-05-04T23:20:43.704Z,41.13,20.669999999999995,56.169999999999995,65.58,41.13
SENSOR_7,88.55,2026-05-04T23:24:13.704Z,2026-05-04T23:24:13.704Z,61.8,26.75,63.826666666666675,88.55,41.13
SENSOR_7,20.34,2026-05-04T23:30:43.704Z,2026-05-04T23:30:43.704Z,88.55,-68.21,56.89666666666667,88.55,20.34
SENSOR_7,61.78,2026-05-04T23:31:43.704Z,2026-05-04T23:31:43.704Z,20.34,41.44,56.89000000000001,88.55,20.34
SENSOR_7,50.55,2026-05-04T23:33:13.704Z,2026-05-04T23:33:13.704Z,61.78,-11.230000000000004,44.223333333333336,61.78,20.34
SENSOR_7,37.42,2026-05-04T23:38:13.704Z,2026-05-04T23:38:13.704Z,50.55,-13.129999999999995,49.916666666666664,61.78,37.42
SENSOR_7,93.59,2026-05-04T23:47:43.704Z,2026-05-04T23:47:43.704Z,37.42,56.17,60.52,93.59,37.42
SENSOR_7,70.28,2026-05-04T23:52:43.704Z,2026-05-04T23:52:43.704Z,93.59,-23.310000000000002,67.09666666666666,93.59,37.42
SENSOR_7,59.49,2026-05-05T00:07:13.704Z,2026-05-05T00:07:13.704Z,70.28,-10.79,74.45333333333333,93.59,59.49
SENSOR_7,56.72,2026-05-05T00:08:43.704Z,2026-05-05T00:08:43.704Z,59.49,-2.770000000000003,62.163333333333334,70.28,56.72
SENSOR_7,25.73,2026-05-05T00:10:43.704Z,2026-05-05T00:10:43.704Z,56.72,-30.99,47.31333333333333,59.49,25.73
SENSOR_7,80.41,2026-05-05T00:22:43.704Z,2026-05-05T00:22:43.704Z,25.73,54.67999999999999,54.28666666666667,80.41,25.73
SENSOR_7,20.53,2026-05-05T00:31:43.704Z,2026-05-05T00:31:43.704Z,80.41,-59.879999999999995,42.223333333333336,80.41,20.53
SENSOR_7,65.98,2026-05-05T00:32:13.704Z,2026-05-05T00:32:13.704Z,20.53,45.45,55.64000000000001,80.41,20.53
SENSOR_7,71.16,2026-05-05T00:36:13.704Z,2026-05-05T00:36:13.704Z,65.98,5.179999999999993,52.55666666666667,71.16,20.53
SENSOR_7,48.55,2026-05-05T00:39:43.704Z,2026-05-05T00:39:43.704Z,71.16,-22.61,61.89666666666667,71.16,48.55
SENSOR_7,58.45,2026-05-05T00:40:43.704Z,2026-05-05T00:40:43.704Z,48.55,9.900000000000006,59.38666666666666,71.16,48.55
SENSOR_7,71.37,2026-05-05T00:42:13.704Z,2026-05-05T00:42:13.704Z,58.45,12.920000000000002,59.45666666666667,71.37,48.55
SENSOR_7,76.75,2026-05-05T00:56:43.704Z,2026-05-05T00:56:43.704Z,71.37,5.3799999999999955,68.85666666666667,76.75,58.45
SENSOR_7,49.15,2026-05-05T01:00:43.704Z,2026-05-05T01:00:43.704Z,76.75,-27.6,65.75666666666667,76.75,49.15
SENSOR_7,40.55,2026-05-05T01:01:13.704Z,2026-05-05T01:01:13.704Z,49.15,-8.600000000000001,55.48333333333333,76.75,40.55
SENSOR_7,50.47,2026-05-05T01:04:13.704Z,2026-05-05T01:04:13.704Z,40.55,9.920000000000002,46.72333333333333,50.47,40.55
SENSOR_7,20.87,2026-05-05T01:07:43.704Z,2026-05-05T01:07:43.704Z,50.47,-29.599999999999998,37.29666666666667,50.47,20.87
SENSOR_7,82.95,2026-05-05T01:09:13.704Z,2026-05-05T01:09:13.704Z,20.87,62.08,51.43000000000001,82.95,20.87
SENSOR_7,87.0,2026-05-05T01:17:43.704Z,2026-05-05T01:17:43.704Z,82.95,4.049999999999997,63.60666666666666,87.0,20.87
SENSOR_7,28.44,2026-05-05T01:19:13.704Z,2026-05-05T01:19:13.704Z,87.0,-58.56,66.13,87.0,28.44
SENSOR_7,33.4,2026-05-05T01:26:13.704Z,2026-05-05T01:26:13.704Z,28.44,4.959999999999997,49.61333333333334,87.0,28.44
SENSOR_7,76.81,2026-05-05T01:32:13.704Z,2026-05-05T01:32:13.704Z,33.4,43.410000000000004,46.21666666666667,76.81,28.44
SENSOR_7,53.21,2026-05-05T01:34:13.704Z,2026-05-05T01:34:13.704Z,76.81,-23.6,54.473333333333336,76.81,33.4
SENSOR_7,71.45,2026-05-05T01:42:13.704Z,2026-05-05T01:42:13.704Z,53.21,18.240000000000002,67.15666666666668,76.81,53.21
SENSOR_7,63.53,2026-05-05T01:43:43.704Z,2026-05-05T01:43:43.704Z,71.45,-7.920000000000002,62.73,71.45,53.21
SENSOR_7,59.28,2026-05-05T01:44:43.704Z,2026-05-05T01:44:43.704Z,63.53,-4.25,64.75333333333334,71.45,59.28
SENSOR_7,68.9,2026-05-05T01:51:13.704Z,2026-05-05T01:51:13.704Z,59.28,9.620000000000005,63.903333333333336,68.9,59.28
SENSOR_7,47.19,2026-05-05T01:52:43.704Z,2026-05-05T01:52:43.704Z,68.9,-21.710000000000008,58.45666666666667,68.9,47.19
SENSOR_7,90.69,2026-05-05T01:57:13.704Z,2026-05-05T01:57:13.704Z,47.19,43.5,68.92666666666666,90.69,47.19
SENSOR_7,71.89,2026-05-05T02:07:43.704Z,2026-05-05T02:07:43.704Z,90.69,-18.799999999999997,69.92333333333333,90.69,47.19
SENSOR_8,78.84,2026-05-04T17:51:13.704Z,2026-05-04T17:51:13.704Z,,,78.84,78.84,78.84
SENSOR_8,28.46,2026-05-04T17:55:13.704Z,2026-05-04T17:55:13.704Z,78.84,-50.38,53.650000000000006,78.84,28.46
SENSOR_8,22.14,2026-05-04T17:57:13.704Z,2026-05-04T17:57:13.704Z,28.46,-6.32,43.14666666666667,78.84,22.14
SENSOR_8,59.14,2026-05-04T18:05:43.704Z,2026-05-04T18:05:43.704Z,22.14,37.0,36.580000000000005,59.14,22.14
SENSOR_8,74.26,2026-05-04T18:06:43.704Z,2026-05-04T18:06:43.704Z,59.14,15.120000000000005,51.84666666666667,74.26,22.14
SENSOR_8,99.43,2026-05-04T18:16:43.704Z,2026-05-04T18:16:43.704Z,74.26,25.17,77.61,99.43,59.14
SENSOR_8,68.37,2026-05-04T18:22:13.704Z,2026-05-04T18:22:13.704Z,99.43,-31.060000000000002,80.68666666666667,99.43,68.37
SENSOR_8,64.56,2026-05-04T18:23:43.704Z,2026-05-04T18:23:43.704Z,68.37,-3.8100000000000023,77.45333333333333,99.43,64.56
SENSOR_8,23.72,2026-05-04T18:28:43.704Z,2026-05-04T18:28:43.704Z,64.56,-40.84,52.21666666666667,68.37,23.72
SENSOR_8,72.11,2026-05-04T18:41:13.704Z,2026-05-04T18:41:13.704Z,23.72,48.39,53.46333333333333,72.11,23.72
SENSOR_8,24.38,2026-05-04T18:55:43.704Z,2026-05-04T18:55:43.704Z,72.11,-47.730000000000004,40.07,72.11,23.72
SENSOR_8,90.39,2026-05-04T19:02:13.704Z,2026-05-04T19:02:13.704Z,24.38,66.01,62.29333333333333,90.39,24.38
SENSOR_8,54.31,2026-05-04T19:12:13.704Z,2026-05-04T19:12:13.704Z,90.39,-36.08,56.35999999999999,90.39,24.38
SENSOR_8,77.76,2026-05-04T19:13:13.704Z,2026-05-04T19:13:13.704Z,54.31,23.450000000000003,74.15333333333332,90.39,54.31
SENSOR_8,52.53,2026-05-04T19:34:43.704Z,2026-05-04T19:34:43.704Z,77.76,-25.230000000000004,61.53333333333333,77.76,52.53
SENSOR_8,77.68,2026-05-04T19:40:13.704Z,2026-05-04T19:40:13.704Z,52.53,25.150000000000006,69.32333333333334,77.76,52.53
SENSOR_8,67.31,2026-05-04T19:43:13.704Z,2026-05-04T19:43:13.704Z,77.68,-10.370000000000005,65.84,77.68,52.53
SENSOR_8,26.91,2026-05-04T19:47:13.704Z,2026-05-04T19:47:13.704Z,67.31,-40.400000000000006,57.300000000000004,77.68,26.91
SENSOR_8,93.64,2026-05-04T19:51:43.704Z,2026-05-04T19:51:43.704Z,26.91,66.73,62.620000000000005,93.64,26.91
SENSOR_8,51.57,2026-05-04T19:56:43.704Z,2026-05-04T19:56:43.704Z,93.64,-42.07,57.373333333333335,93.64,26.91
SENSOR_8,40.6,2026-05-04T20:05:43.704Z,2026-05-04T20:05:43.704Z,51.57,-10.969999999999999,61.93666666666667,93.64,40.6
SENSOR_8,21.83,2026-05-04T20:08:13.704Z,2026-05-04T20:08:13.704Z,40.6,-18.770000000000003,38.0,51.57,21.83
SENSOR_8,22.07,2026-05-04T20:14:13.704Z,2026-05-04T20:14:13.704Z,21.83,0.240000000000002,28.166666666666668,40.6,21.83
SENSOR_8,33.9,2026-05-04T20:22:13.704Z,2026-05-04T20:22:13.704Z,22.07,11.829999999999998,25.933333333333334,33.9,21.83
SENSOR_8,33.24,2026-05-04T20:26:43.704Z,2026-05-04T20:26:43.704Z,33.9,-0.6599999999999966,29.736666666666668,33.9,22.07
SENSOR_8,55.83,2026-05-04T20:27:43.704Z,2026-05-04T20:27:43.704Z,33.24,22.589999999999996,40.99,55.83,33.24
SENSOR_8,66.22,2026-05-04T20:34:13.704Z,2026-05-04T20:34:13.704Z,55.83,10.39,51.76333333333333,66.22,33.24
SENSOR_8,45.76,2026-05-04T20:37:13.704Z,2026-05-04T20:37:13.704Z,66.22,-20.46,55.93666666666667,66.22,45.76
SENSOR_8,63.83,2026-05-04T20:51:43.704Z,2026-05-04T20:51:43.704Z,45.76,18.07,58.60333333333333,66.22,45.76
SENSOR_8,27.57,2026-05-04T20:56:13.704Z,2026-05-04T20:56:13.704Z,63.83,-36.26,45.72,63.83,27.57
SENSOR_8,73.18,2026-05-04T20:57:43.704Z,2026-05-04T20:57:43.704Z,27.57,45.61000000000001,54.86000000000001,73.18,27.57
SENSOR_8,72.88,2026-05-04T20:58:43.704Z,2026-05-04T20:58:43.704Z,73.18,-0.30000000000001137,57.876666666666665,73.18,27.57
SENSOR_8,90.94,2026-05-04T21:04:13.704Z,2026-05-04T21:04:13.704Z,72.88,18.060000000000002,79.0,90.94,72.88
SENSOR_8,68.29,2026-05-04T21:07:43.704Z,2026-05-04T21:07:43.704Z,90.94,-22.64999999999999,77.37,90.94,68.29
SENSOR_8,21.44,2026-05-04T21:08:13.704Z,2026-05-04T21:08:13.704Z,68.29,-46.85000000000001,60.223333333333336,90.94,21.44
SENSOR_8,48.61,2026-05-04T21:10:13.704Z,2026-05-04T21:10:13.704Z,21.44,27.169999999999998,46.11333333333334,68.29,21.44
SENSOR_8,29.9,2026-05-04T21:11:43.704Z,2026-05-04T21:11:43.704Z,48.61,-18.71,33.31666666666666,48.61,21.44
SENSOR_8,90.49,2026-05-04T21:16:43.704Z,2026-05-04T21:16:43.704Z,29.9,60.589999999999996,56.333333333333336,90.49,29.9
SENSOR_8,54.13,2026-05-04T21:17:43.704Z,2026-05-04T21:17:43.704Z,90.49,-36.35999999999999,58.173333333333325,90.49,29.9
SENSOR_8,72.32,2026-05-04T21:21:13.704Z,2026-05-04T21:21:13.704Z,54.13,18.18999999999999,72.31333333333333,90.49,54.13
SENSOR_8,32.89,2026-05-04T21:22:43.704Z,2026-05-04T21:22:43.704Z,72.32,-39.42999999999999,53.11333333333332,72.32,32.89
SENSOR_8,91.89,2026-05-04T21:30:43.704Z,2026-05-04T21:30:43.704Z,32.89,59.0,65.7,91.89,32.89
SENSOR_8,81.64,2026-05-04T21:40:43.704Z,2026-05-04T21:40:43.704Z,91.89,-10.25,68.80666666666667,91.89,32.89
SENSOR_8,69.31,2026-05-04T21:50:43.704Z,2026-05-04T21:50:43.704Z,81.64,-12.329999999999998,80.94666666666667,91.89,69.31
SENSOR_8,70.82,2026-05-04T21:53:43.704Z,2026-05-04T21:53:43.704Z,69.31,1.509999999999991,73.92333333333333,81.64,69.31
SENSOR_8,78.76,2026-05-04T21:57:13.704Z,2026-05-04T21:57:13.704Z,70.82,7.940000000000012,72.96333333333332,78.76,69.31
SENSOR_8,59.0,2026-05-04T22:23:13.704Z,2026-05-04T22:23:13.704Z,78.76,-19.760000000000005,69.52666666666666,78.76,59.0
SENSOR_8,93.46,2026-05-04T22:29:43.704Z,2026-05-04T22:29:43.704Z,59.0,34.459999999999994,77.07333333333332,93.46,59.0
SENSOR_8,42.57,2026-05-04T22:34:13.704Z,2026-05-04T22:34:13.704Z,93.46,-50.88999999999999,65.00999999999999,93.46,42.57
SENSOR_8,42.85,2026-05-04T22:35:43.704Z,2026-05-04T22:35:43.704Z,42.57,0.28000000000000114,59.626666666666665,93.46,42.57
SENSOR_8,23.38,2026-05-04T22:38:43.704Z,2026-05-04T22:38:43.704Z,42.85,-19.470000000000002,36.266666666666666,42.85,23.38
SENSOR_8,90.3,2026-05-04T22:40:43.704Z,2026-05-04T22:40:43.704Z,23.38,66.92,52.17666666666667,90.3,23.38
SENSOR_8,71.9,2026-05-04T22:42:13.704Z,2026-05-04T22:42:13.704Z,90.3,-18.39999999999999,61.85999999999999,90.3,23.38
SENSOR_8,83.17,2026-05-04T22:47:13.704Z,2026-05-04T22:47:13.704Z,71.9,11.269999999999996,81.79,90.3,71.9
SENSOR_8,97.96,2026-05-04T22:49:43.704Z,2026-05-04T22:49:43.704Z,83.17,14.789999999999992,84.34333333333332,97.96,71.9
SENSOR_8,69.03,2026-05-04T22:52:13.704Z,2026-05-04T22:52:13.704Z,97.96,-28.929999999999993,83.38666666666667,97.96,69.03
SENSOR_8,68.81,2026-05-04T23:02:43.704Z,2026-05-04T23:02:43.704Z,69.03,-0.21999999999999886,78.60000000000001,97.96,68.81
SENSOR_8,66.96,2026-05-04T23:08:13.704Z,2026-05-04T23:08:13.704Z,68.81,-1.8500000000000085,68.26666666666667,69.03,66.96
SENSOR_8,83.49,2026-05-04T23:10:13.704Z,2026-05-04T23:10:13.704Z,66.96,16.53,73.08666666666666,83.49,66.96
SENSOR_8,33.56,2026-05-04T23:17:13.704Z,2026-05-04T23:17:13.704Z,83.49,-49.92999999999999,61.336666666666666,83.49,33.56
SENSOR_8,36.29,2026-05-04T23:27:13.704Z,2026-05-04T23:27:13.704Z,33.56,2.729999999999997,51.11333333333334,83.49,33.56
SENSOR_8,99.13,2026-05-04T23:30:13.704Z,2026-05-04T23:30:13.704Z,36.29,62.839999999999996,56.32666666666666,99.13,33.56
SENSOR_8,87.26,2026-05-05T00:04:43.704Z,2026-05-05T00:04:43.704Z,99.13,-11.86999999999999,74.22666666666667,99.13,36.29
SENSOR_8,80.37,2026-05-05T00:12:43.704Z,2026-05-05T00:12:43.704Z,87.26,-6.890000000000001,88.92,99.13,80.37
SENSOR_8,66.92,2026-05-05T00:15:43.704Z,2026-05-05T00:15:43.704Z,80.37,-13.450000000000003,78.18333333333334,87.26,66.92
SENSOR_8,38.78,2026-05-05T00:16:13.704Z,2026-05-05T00:16:13.704Z,66.92,-28.14,62.02333333333334,80.37,38.78
SENSOR_8,20.16,2026-05-05T00:31:13.704Z,2026-05-05T00:31:13.704Z,38.78,-18.62,41.95333333333333,66.92,20.16
SENSOR_8,57.97,2026-05-05T00:34:43.704Z,2026-05-05T00:34:43.704Z,20.16,37.81,38.97,57.97,20.16
SENSOR_8,89.15,2026-05-05T00:40:13.704Z,2026-05-05T00:40:13.704Z,57.97,31.180000000000007,55.76,89.15,20.16
SENSOR_8,27.28,2026-05-05T00:48:43.704Z,2026-05-05T00:48:43.704Z,89.15,-61.870000000000005,58.13333333333333,89.15,27.28
SENSOR_8,44.76,2026-05-05T00:50:13.704Z,2026-05-05T00:50:13.704Z,27.28,17.479999999999997,53.73,89.15,27.28
SENSOR_8,79.62,2026-05-05T01:00:13.704Z,2026-05-05T01:00:13.704Z,44.76,34.86000000000001,50.553333333333335,79.62,27.28
SENSOR_8,81.4,2026-05-05T01:05:43.704Z,2026-05-05T01:05:43.704Z,79.62,1.7800000000000011,68.59333333333333,81.4,44.76
SENSOR_8,35.95,2026-05-05T01:27:43.704Z,2026-05-05T01:27:43.704Z,81.4,-45.45,65.65666666666668,81.4,35.95
SENSOR_8,25.6,2026-05-05T01:28:43.704Z,2026-05-05T01:28:43.704Z,35.95,-10.350000000000001,47.650000000000006,81.4,25.6
SENSOR_8,46.59,2026-05-05T01:40:13.704Z,2026-05-05T01:40:13.704Z,25.6,20.990000000000002,36.046666666666674,46.59,25.6
SENSOR_8,68.94,2026-05-05T01:46:43.704Z,2026-05-05T01:46:43.704Z,46.59,22.349999999999994,47.04333333333333,68.94,25.6
SENSOR_8,39.16,2026-05-05T01:47:43.704Z,2026-05-05T01:47:43.704Z,68.94,-29.78,51.56333333333333,68.94,39.16
SENSOR_8,28.39,2026-05-05T01:51:43.704Z,2026-05-05T01:51:43.704Z,39.16,-10.769999999999996,45.49666666666667,68.94,28.39
SENSOR_8,56.08,2026-05-05T01:52:13.704Z,2026-05-05T01:52:13.704Z,28.39,27.689999999999998,41.21,56.08,28.39
SENSOR_9,73.15,2026-05-04T17:51:43.704Z,2026-05-04T17:51:43.704Z,,,73.15,73.15,73.15
SENSOR_9,82.89,2026-05-04T17:52:13.704Z,2026-05-04T17:52:13.704Z,73.15,9.739999999999995,78.02000000000001,82.89,73.15
SENSOR_9,86.16,2026-05-04T18:00:43.704Z,2026-05-04T18:00:43.704Z,82.89,3.269999999999996,80.73333333333333,86.16,73.15
SENSOR_9,20.76,2026-05-04T18:06:13.704Z,2026-05-04T18:06:13.704Z,86.16,-65.39999999999999,63.27,86.16,20.76
SENSOR_9,72.4,2026-05-04T18:09:43.704Z,2026-05-04T18:09:43.704Z,20.76,51.64,59.77333333333333,86.16,20.76
SENSOR_9,94.77,2026-05-04T18:11:43.704Z,2026-05-04T18:11:43.704Z,72.4,22.36999999999999,62.64333333333334,94.77,20.76
SENSOR_9,99.17,2026-05-04T18:23:13.704Z,2026-05-04T18:23:13.704Z,94.77,4.400000000000006,88.78000000000002,99.17,72.4
SENSOR_9,76.08,2026-05-04T18:27:13.704Z,2026-05-04T18:27:13.704Z,99.17,-23.090000000000003,90.00666666666666,99.17,76.08
SENSOR_9,96.24,2026-05-04T18:39:13.704Z,2026-05-04T18:39:13.704Z,76.08,20.159999999999997,90.49666666666667,99.17,76.08
SENSOR_9,52.51,2026-05-04T18:45:13.704Z,2026-05-04T18:45:13.704Z,96.24,-43.73,74.94333333333333,96.24,52.51
SENSOR_9,34.4,2026-05-04T18:48:13.704Z,2026-05-04T18:48:13.704Z,52.51,-18.11,61.050000000000004,96.24,34.4
SENSOR_9,39.34,2026-05-04T18:48:43.704Z,2026-05-04T18:48:43.704Z,34.4,4.940000000000005,42.083333333333336,52.51,34.4
SENSOR_9,20.88,2026-05-04T18:49:13.704Z,2026-05-04T18:49:13.704Z,39.34,-18.460000000000004,31.540000000000003,39.34,20.88
SENSOR_9,89.13,2026-05-04T18:54:13.704Z,2026-05-04T18:54:13.704Z,20.88,68.25,49.78333333333333,89.13,20.88
SENSOR_9,92.08,2026-05-04T18:59:13.704Z,2026-05-04T18:59:13.704Z,89.13,2.950000000000003,67.36333333333333,92.08,20.88
SENSOR_9,78.93,2026-05-04T19:03:43.704Z,2026-05-04T19:03:43.704Z,92.08,-13.149999999999991,86.71333333333332,92.08,78.93
SENSOR_9,92.32,2026-05-04T19:05:43.704Z,2026-05-04T19:05:43.704Z,78.93,13.389999999999986,87.77666666666666,92.32,78.93
SENSOR_9,70.04,2026-05-04T19:14:43.704Z,2026-05-04T19:14:43.704Z,92.32,-22.279999999999987,80.43,92.32,70.04
SENSOR_9,49.53,2026-05-04T19:28:43.704Z,2026-05-04T19:28:43.704Z,70.04,-20.510000000000005,70.63000000000001,92.32,49.53
SENSOR_9,59.07,2026-05-04T19:30:13.704Z,2026-05-04T19:30:13.704Z,49.53,9.54,59.546666666666674,70.04,49.53
SENSOR_9,95.33,2026-05-04T19:35:13.704Z,2026-05-04T19:35:13.704Z,59.07,36.26,67.97666666666667,95.33,49.53
SENSOR_9,30.86,2026-05-04T19:35:43.704Z,2026-05-04T19:35:43.704Z,95.33,-64.47,61.75333333333333,95.33,30.86
SENSOR_9,40.12,2026-05-04T19:39:13.704Z,2026-05-04T19:39:13.704Z,30.86,9.259999999999998,55.43666666666667,95.33,30.86
SENSOR_9,94.02,2026-05-04T19:44:13.704Z,2026-05-04T19:44:13.704Z,40.12,53.9,55.0,94.02,30.86
SENSOR_9,93.63,2026-05-04T19:46:13.704Z,2026-05-04T19:46:13.704Z,94.02,-0.39000000000000057,75.92333333333333,94.02,40.12
SENSOR_9,26.8,2026-05-04T19:52:13.704Z,2026-05-04T19:52:13.704Z,93.63,-66.83,71.48333333333333,94.02,26.8
SENSOR_9,81.87,2026-05-04T20:00:43.704Z,2026-05-04T20:00:43.704Z,26.8,55.07000000000001,67.43333333333334,93.63,26.8
SENSOR_9,55.25,2026-05-04T20:09:13.704Z,2026-05-04T20:09:13.704Z,81.87,-26.620000000000005,54.64000000000001,81.87,26.8
SENSOR_9,93.68,2026-05-04T20:11:43.704Z,2026-05-04T20:11:43.704Z,55.25,38.43000000000001,76.93333333333334,93.68,55.25
SENSOR_9,96.36,2026-05-04T20:13:43.704Z,2026-05-04T20:13:43.704Z,93.68,2.6799999999999926,81.76333333333334,96.36,55.25
SENSOR_9,72.1,2026-05-04T20:16:13.704Z,2026-05-04T20:16:13.704Z,96.36,-24.260000000000005,87.38,96.36,72.1
SENSOR_9,75.54,2026-05-04T20:16:43.704Z,2026-05-04T20:16:43.704Z,72.1,3.440000000000012,81.33333333333333,96.36,72.1
SENSOR_9,25.85,2026-05-04T20:17:13.704Z,2026-05-04T20:17:13.704Z,75.54,-49.690000000000005,57.82999999999999,75.54,25.85
SENSOR_9,63.48,2026-05-04T20:22:43.704Z,2026-05-04T20:22:43.704Z,25.85,37.629999999999995,54.95666666666667,75.54,25.85
SENSOR_9,85.05,2026-05-04T20:26:13.704Z,2026-05-04T20:26:13.704Z,63.48,21.57,58.126666666666665,85.05,25.85
SENSOR_9,43.26,2026-05-04T20:49:13.704Z,2026-05-04T20:49:13.704Z,85.05,-41.79,63.93,85.05,43.26
SENSOR_9,84.36,2026-05-04T20:54:43.704Z,2026-05-04T20:54:43.704Z,43.26,41.1,70.89,85.05,43.26
SENSOR_9,64.08,2026-05-04T20:55:13.704Z,2026-05-04T20:55:13.704Z,84.36,-20.28,63.9,84.36,43.26
SENSOR_9,59.22,2026-05-04T21:13:13.704Z,2026-05-04T21:13:13.704Z,64.08,-4.859999999999999,69.22,84.36,59.22
SENSOR_9,63.6,2026-05-04T21:13:43.704Z,2026-05-04T21:13:43.704Z,59.22,4.380000000000003,62.300000000000004,64.08,59.22
SENSOR_9,44.6,2026-05-04T21:18:13.704Z,2026-05-04T21:18:13.704Z,63.6,-19.0,55.806666666666665,63.6,44.6
SENSOR_9,58.66,2026-05-04T21:24:43.704Z,2026-05-04T21:24:43.704Z,44.6,14.059999999999995,55.620000000000005,63.6,44.6
SENSOR_9,83.91,2026-05-04T21:26:43.704Z,2026-05-04T21:26:43.704Z,58.66,25.25,62.38999999999999,83.91,44.6
SENSOR_9,36.2,2026-05-04T21:30:13.704Z,2026-05-04T21:30:13.704Z,83.91,-47.709999999999994,59.589999999999996,83.91,36.2
SENSOR_9,54.82,2026-05-04T21:34:13.704Z,2026-05-04T21:34:13.704Z,36.2,18.619999999999997,58.31,83.91,36.2
SENSOR_9,90.09,2026-05-04T21:35:13.704Z,2026-05-04T21:35:13.704Z,54.82,35.27,60.370000000000005,90.09,36.2
SENSOR_9,33.63,2026-05-04T21:39:13.704Z,2026-05-04T21:39:13.704Z,90.09,-56.46,59.51333333333333,90.09,33.63
SENSOR_9,83.7,2026-05-04T21:43:13.704Z,2026-05-04T21:43:13.704Z,33.63,50.07,69.14,90.09,33.63
SENSOR_9,32.3,2026-05-04T21:46:43.704Z,2026-05-04T21:46:43.704Z,83.7,-51.400000000000006,49.876666666666665,83.7,32.3
SENSOR_9,35.81,2026-05-04T21:47:13.704Z,2026-05-04T21:47:13.704Z,32.3,3.510000000000005,50.60333333333333,83.7,32.3
SENSOR_9,78.62,2026-05-04T21:48:43.704Z,2026-05-04T21:48:43.704Z,35.81,42.81,48.910000000000004,78.62,32.3
SENSOR_9,95.31,2026-05-04T21:57:43.704Z,2026-05-04T21:57:43.704Z,78.62,16.689999999999998,69.91333333333334,95.31,35.81
SENSOR_9,64.74,2026-05-04T21:59:13.704Z,2026-05-04T21:59:13.704Z,95.31,-30.570000000000007,79.55666666666667,95.31,64.74
SENSOR_9,71.34,2026-05-04T22:04:13.704Z,2026-05-04T22:04:13.704Z,64.74,6.6000000000000085,77.13000000000001,95.31,64.74
SENSOR_9,47.96,2026-05-04T22:05:13.704Z,2026-05-04T22:05:13.704Z,71.34,-23.380000000000003,61.346666666666664,71.34,47.96
SENSOR_9,94.64,2026-05-04T22:08:13.704Z,2026-05-04T22:08:13.704Z,47.96,46.68,71.31333333333333,94.64,47.96
SENSOR_9,24.15,2026-05-04T22:08:43.704Z,2026-05-04T22:08:43.704Z,94.64,-70.49000000000001,55.583333333333336,94.64,24.15
SENSOR_9,83.89,2026-05-04T22:10:43.704Z,2026-05-04T22:10:43.704Z,24.15,59.74,67.56,94.64,24.15
SENSOR_9,59.22,2026-05-04T22:12:43.704Z,2026-05-04T22:12:43.704Z,83.89,-24.67,55.75333333333333,83.89,24.15
SENSOR_9,77.57,2026-05-04T22:18:43.704Z,2026-05-04T22:18:43.704Z,59.22,18.349999999999994,73.56,83.89,59.22
SENSOR_9,55.17,2026-05-04T22:24:13.704Z,2026-05-04T22:24:13.704Z,77.57,-22.39999999999999,63.98666666666666,77.57,55.17
SENSOR_9,71.99,2026-05-04T22:30:13.704Z,2026-05-04T22:30:13.704Z,55.17,16.819999999999993,68.24333333333334,77.57,55.17
SENSOR_9,87.56,2026-05-04T22:32:13.704Z,2026-05-04T22:32:13.704Z,71.99,15.570000000000007,71.57333333333334,87.56,55.17
SENSOR_9,37.76,2026-05-04T22:32:43.704Z,2026-05-04T22:32:43.704Z,87.56,-49.800000000000004,65.77,87.56,37.76
SENSOR_9,32.26,2026-05-04T22:46:13.704Z,2026-05-04T22:46:13.704Z,37.76,-5.5,52.526666666666664,87.56,32.26
SENSOR_9,42.11,2026-05-04T22:46:43.704Z,2026-05-04T22:46:43.704Z,32.26,9.850000000000001,37.376666666666665,42.11,32.26
SENSOR_9,40.03,2026-05-04T22:55:43.704Z,2026-05-04T22:55:43.704Z,42.11,-2.0799999999999983,38.13333333333333,42.11,32.26
SENSOR_9,33.94,2026-05-04T22:56:13.704Z,2026-05-04T22:56:13.704Z,40.03,-6.090000000000003,38.693333333333335,42.11,33.94
SENSOR_9,46.27,2026-05-04T23:05:43.704Z,2026-05-04T23:05:43.704Z,33.94,12.330000000000005,40.080000000000005,46.27,33.94
SENSOR_9,60.24,2026-05-04T23:09:43.704Z,2026-05-04T23:09:43.704Z,46.27,13.969999999999999,46.81666666666667,60.24,33.94
SENSOR_9,99.24,2026-05-04T23:14:43.704Z,2026-05-04T23:14:43.704Z,60.24,38.99999999999999,68.58333333333333,99.24,46.27
SENSOR_9,27.64,2026-05-04T23:18:43.704Z,2026-05-04T23:18:43.704Z,99.24,-71.6,62.373333333333335,99.24,27.64
SENSOR_9,62.94,2026-05-04T23:22:13.704Z,2026-05-04T23:22:13.704Z,27.64,35.3,63.27333333333333,99.24,27.64
SENSOR_9,50.38,2026-05-04T23:29:13.704Z,2026-05-04T23:29:13.704Z,62.94,-12.559999999999995,46.98666666666667,62.94,27.64
SENSOR_9,28.22,2026-05-04T23:33:43.704Z,2026-05-04T23:33:43.704Z,50.38,-22.160000000000004,47.18,62.94,28.22
SENSOR_9,96.71,2026-05-04T23:35:43.704Z,2026-05-04T23:35:43.704Z,28.22,68.49,58.43666666666667,96.71,28.22
SENSOR_9,69.07,2026-05-04T23:49:13.704Z,2026-05-04T23:49:13.704Z,96.71,-27.64,64.66666666666667,96.71,28.22
SENSOR_9,46.22,2026-05-04T23:51:43.704Z,2026-05-04T23:51:43.704Z,69.07,-22.849999999999994,70.66666666666666,96.71,46.22
SENSOR_9,66.08,2026-05-04T23:56:43.704Z,2026-05-04T23:56:43.704Z,46.22,19.86,60.45666666666667,69.07,46.22
SENSOR_9,96.43,2026-05-05T00:01:13.704Z,2026-05-05T00:01:13.704Z,66.08,30.35000000000001,69.57666666666667,96.43,46.22
SENSOR_9,21.83,2026-05-05T00:11:43.704Z,2026-05-05T00:11:43.704Z,96.43,-74.60000000000001,61.44666666666666,96.43,21.83
SENSOR_9,29.12,2026-05-05T00:19:43.704Z,2026-05-05T00:19:43.704Z,21.83,7.290000000000003,49.126666666666665,96.43,21.83
SENSOR_9,96.74,2026-05-05T00:29:43.704Z,2026-05-05T00:29:43.704Z,29.12,67.61999999999999,49.23,96.74,21.83
SENSOR_9,41.15,2026-05-05T00:30:13.704Z,2026-05-05T00:30:13.704Z,96.74,-55.589999999999996,55.669999999999995,96.74,29.12
SENSOR_9,59.22,2026-05-05T00:30:43.704Z,2026-05-05T00:30:43.704Z,41.15,18.07,65.70333333333333,96.74,41.15
SENSOR_9,91.74,2026-05-05T00:32:43.704Z,2026-05-05T00:32:43.704Z,59.22,32.519999999999996,64.03666666666668,91.74,41.15
SENSOR_9,36.33,2026-05-05T00:38:13.704Z,2026-05-05T00:38:13.704Z,91.74,-55.41,62.429999999999986,91.74,36.33
SENSOR_9,61.48,2026-05-05T00:39:13.704Z,2026-05-05T00:39:13.704Z,36.33,25.15,63.18333333333333,91.74,36.33
SENSOR_9,83.23,2026-05-05T00:49:13.704Z,2026-05-05T00:49:13.704Z,61.48,21.750000000000007,60.34666666666667,83.23,36.33
SENSOR_9,63.01,2026-05-05T00:51:43.704Z,2026-05-05T00:51:43.704Z,83.23,-20.220000000000006,69.24,83.23,61.48
SENSOR_9,87.78,2026-05-05T00:52:13.704Z,2026-05-05T00:52:13.704Z,63.01,24.770000000000003,78.00666666666667,87.78,63.01
SENSOR_9,59.31,2026-05-05T01:11:13.704Z,2026-05-05T01:11:13.704Z,87.78,-28.47,70.03333333333333,87.78,59.31
SENSOR_9,56.31,2026-05-05T01:16:13.704Z,2026-05-05T01:16:13.704Z,59.31,-3.0,67.8,87.78,56.31
SENSOR_9,94.88,2026-05-05T01:21:13.704Z,2026-05-05T01:21:13.704Z,56.31,38.56999999999999,70.16666666666667,94.88,56.31
SENSOR_9,22.49,2026-05-05T01:24:13.704Z,2026-05-05T01:24:13.704Z,94.88,-72.39,57.89333333333334,94.88,22.49
SENSOR_9,86.24,2026-05-05T01:25:43.704Z,2026-05-05T01:25:43.704Z,22.49,63.75,67.86999999999999,94.88,22.49
SENSOR_9,92.97,2026-05-05T01:49:43.704Z,2026-05-05T01:49:43.704Z,86.24,6.730000000000004,67.23333333333333,92.97,22.49
SENSOR_9,79.48,2026-05-05T01:53:13.704Z,2026-05-05T01:53:13.704Z,92.97,-13.489999999999995,86.23,92.97,79.48
SENSOR_9,79.16,2026-05-05T01:55:13.704Z,2026-05-05T01:55:13.704Z,79.48,-0.3200000000000074,83.86999999999999,92.97,79.16
SENSOR_9,54.5,2026-05-05T02:03:43.704Z,2026-05-05T02:03:43.704Z,79.16,-24.659999999999997,71.04666666666667,79.48,54.5
SENSOR_9,53.78,2026-05-05T02:05:43.704Z,2026-05-05T02:05:43.704Z,54.5,-0.7199999999999989,62.48,79.16,53.78
